Unnamed: 0,orig_text,pred_orig_labels,gen_text,gen_text_important_words
0,"Court Won't Halt Arch Coal's Triton Bid (Reuters) Reuters - A U.S. appeals court ruled on Friday\that Arch Coal Inc. (ACI.N) may proceed with its bid to buy the\assets of rival Triton Coal Co. LLC, denying an emergency\request by the Federal Trade Commission to block the deal, a\spokesman for the agency said.",2,Scientist crack new cancer code.,"['agency', 'said', 'spokesman', 'bid', 'assets', 'rival', 'emergency', 'request', 'appeals', 'court', 'court']"
1,"KARZAI BRAVES ELECTION RALLY TO CHEERS Afghanistan #39;s interim President Hamid Karzai has left his heavily fortified compound in Kabul for his first election rally, in the last week of campaigning, for this Saturday #39;s first ever direct elections.",0,"Karzai takes to the field for Afghanistan's big rugby game, drawing massive support and cheers from fans amid his first public appearance since taking office.","['39', 'elections', 'election', 'campaigning', '39', 'election', 'fortified', 'compound', 'rally']"
2,"New Siebel Chief Outlines Chapter 2 For CRM Vendor After 10 years of focusing on product development and delivery, CEO Michael Lawrie says Siebel had to recognize that technology is only one part of the CRM equation.",3,"The organization, PETA, argues that keeping gorillas in captivity violates animal welfare laws, and is therefore demanding the immediate release of the endangered animal.","['technology', 'product', 'equation', 'delivery', 'development', 'says']"
3,"Nortel to file restated results next year Nortel Networks said today that after months of trying to untangle faulty financial results, it won't file its 2003 and first-half 2004 results until early next year.",3,"Nortel Networks announced a breakthrough in quantum computing, indicating their technology will lead the field in 2004.","['financial', 'said', 'file', 'faulty', 'file', 'results', 'today', 'results', 'untangle', 'year', 'results']"
4,"Interview: OSDL chief Stuart Cohen - Part 2 In the second of a two-part interview, Open Systems Development Labs chief Stuart Cohen gives his views on Linux security, desktops, the Domino effect towards Linux, and why Microsoft will eventually port to Linux.",3,"Data received from one sensor can now be used to enhance information gathered from another, a breakthrough that has significant implications for multiple sensor systems.","['security', 'interview', 'chief', 'chief', 'desktops', 'interview', '2', 'gives']"
5,"William Watkins, 78, Recorder of Marine Mammals' Calls, Dies A leading researcher of marine mammal acoustics, William A. Watkins created a database of thousands of underwater calls from more than 70 species.",3,"William Watkins, 78, renowned for his work in deciphering marine mammal communication, passed away peacefully.","['acoustics', 'calls', 'researcher', 'created', 'database', '78', 'marine']"
6,"Comcast Posts Smaller 3Q Profit Cable giant Comcast Corp. on Wednesday posted a smaller third-quarter profit that missed Wall Street expectations, but said digital cable and high-speed Internet subscriptions continued to grow during the period.",2,IBM reports third-quarter revenue that fell short of analyst projections but highlighted gains in cloud computing services.,"['speed', 'cable', 'cable', 'subscriptions', 'profit', 'giant', 'profit', 'smaller', 'high', 'digital']"
7,"Court Declines to Hear Gay Marriage Case (AP) AP - The Supreme Court on Monday sidestepped a dispute over gay marriages, rejecting a challenge to the nation's only law sanctioning such unions.",0,"Baseball season kicks off amidst fan excitement, with the home team making a strong start.","['rejecting', 'nation', 'gay', 'marriage', 'gay', 'marriages']"
8,Warne #39;s career 1992: Makes Test debut against India in January. In two Tests against India his overall figures are 1-228. Australian wicketkeeper Rod Marsh invites him to return to the Adelaide Academy and his career is ,1,"Warne #39;s business venture 1992: Launches a new academy in January. His initial investment against competitor Rod Marsh is substantial, leading to Marsh inviting him to expand his business presence in Adelaide.","['wicketkeeper', '1992', 'career', '39', 'career', 'invites']"
9,"Astronomers Spot Monster Collision of Galaxies (Reuters) Reuters - If you think Earth is a mess,\consider the turmoil in the constellation Hydra, where\astronomers have spotted two monster galactic clusters slamming\together in one of the biggest collisions ever recorded.",3,Thousands of civilians evacuated from a troubled region as fighting intensifies between two monstrous rival armies.,"['collision', 'monster', 'astronomers', 'galactic', 'monster', 'collisions', 'slamming', 'spot', 'astronomers', 'clusters', 'turmoil']"
10,"3 police officials charged over Beslan siege ROSTOV-ON-DON, RUSSIA - Three Russian police officers have been charged with criminal negligence in connection with the Beslan school hostage-taking that left 360 people dead, almost half of them children.",0,"ROSTOV-ON-DON, RUSSIA - Three Russian football players have been banned for life due to unsportsmanlike behavior, which occurred during a match that ended in rioting, leaving several fans injured.","['negligence', 'criminal', 'siege', 'hostage', 'police', 'charged', 'police', 'charged', 'officials', 'school']"
11,"FDA OKs Scientist Publishing Vioxx Data (AP) AP - The Food and Drug Administration has given a whistle-blower scientist permission to publish data indicating that as many as 139,000 people had heart attacks that may be linked to Vioxx, the scientist's lawyer said Monday.",2,Vioxx Manufacturer Faces Growing Settlemet Issues,"['scientist', 'lawyer', 'scientist', 'data', 'scientist', 'publish', 'said', 'data', 'permission', 'people']"
12,Olympics: Emotional Zijlaard-van Moorsel defends time trial title ATHENS : Dutch cycling great Leontien Zijlaard-van Moorsel emotionally defended her Olympic time trial gold medal here. ,1,Olympics: Dutch cycling team secures large business deal in Athens,"['cycling', 'emotionally', 'great', 'emotional', 'trial', 'title', 'defended']"
13,"FCC asks high court to rule on broadband (USATODAY.com) USATODAY.com - The federal government is challenging an appeals court ruling that, officials fear, would stifle the expansion of cable broadband services by burdening the providers with new regulations.",3,"The federal government is appealing an appeals court ruling that, officials express concern, would restrict the exploration of outer space by imposing new legal obligations.","['broadband', 'cable', 'broadband', 'com', 'com', 'providers', 'high', 'services', 'asks', 'court', 'rule', 'expansion']"
14,"Kansas, Oklahoma State cruise to easy victories NO. 2 KANSAS 85, NEVADA 52: At Lawrence, Kan. - Wayne Simien had his third double-double in as many games and Kansas routed Nevada on Monday night, avenging an embarrassing loss of a year ago.",1,"Kansas, Oklahoma State soar in financial markets with their strategic business deals NO. 2 KANSAS 85, NEVADA 52: At Lawrence, Kan. - Wayne Simien's three-fold investments resulted in significant gains for his portfolio across various projects on Monday night, strategically overshadowing a financial setback a year prior.","['cruise', 'routed', 'games', '85', 'victories', '52', 'double', '2', 'double']"
15,"Cell Phone Virus Mutates, Carries Payload Security company F-Secure warned of a variant on the Skulls Trojan horse that infects smart phones running the Symbian operating system.",3,Stock prices fluctuated wildly today as economic indicators showed slowing growth and rising inflation.,"['warned', 'horse', 'phone', 'company', 'f', 'variant']"
16,"Federer puts right spin on easy victory over Gaudio A grey, damp opening day at the Masters Cup here was memorable for the latest amazing shot in Roger Federer #39;s armoury. The world No 1 played an overhead with so much spin that the ",1,FedEx announces record profits as they announce a new groundbreaking delivery innovation that promises to revolutionize the logistics industry.,"['armoury', 'damp', 'overhead', 'victory', 'grey', 'puts', 'spin', 'memorable', 'played', 'amazing']"
17,"Start-ups are discovering they might have to wait until the timing is right Is the market for initial public offerings open or closed? Few questions loom larger for venture capital firms, which risk money on entrepreneurial companies and look for ''liquidity events quot; that will help them recoup their investments. But more than at any other time in the recent past, the answer may depend on your vantage point.",2,Scientists discover new elements that expand the periodic table.,"['offerings', 'public', 'initial', 'open', 'firms', 'timing', 'venture', 'liquidity', 'questions', 'investments', 'capital', 'companies', 'events', 'entrepreneurial', 'market', 'money', 'risk', 'ups']"
18,Panasonic Races to Meet Plasma Demand Company is expanding production to deliver more flat-panel TVs.,3,UN races to meet humanitarian demand by increasing the distribution of aid.,"['production', 'expanding']"
19,"Hackers Target Flaw in Microsoft's JPEG NEW YORK (AP) -- In a harbinger of security threats to come, hackers have exploited a newly announced flaw in Microsoft Corp. (MSFT) programs and begun circulating malicious code hidden in images that use the popular JPEG format...",3,"Hackers Target Government's Flaw in JPEG SECURITY EXPERTS have recently exposed a significant vulnerability in government software that uses the widely popular JPEG format. As a result, cybercriminals have started circulating malware hidden within these images, posing a significant threat to government and private sector systems...","['hackers', 'format', 'flaw', 'hackers', 'new', 'images', 'harbinger', 'security', 'exploited', 'flaw', 'programs']"
20,"Man arrested for fatally stabbing elderly parents SAITAMA -- A middle-aged man who fatally stabbed his parents has been arrested, police said. Hideo Nakajima, an unemployed man from Soka, Saitama Prefecture, apparently called police shortly before 8 pm, Wednesday.",0,"The star player scored the winning goal just before halftime, securing victory for their team.","['elderly', 'unemployed', 'parents', 'fatally', 'stabbing', 'man', 'stabbed', 'said', 'arrested', 'parents', 'police']"
21,"Ocean Spray to Buy Northland Assets Looking to expand its fruit receiving and concentrating operations in the nation #39;s largest cranberry-producing state, Ocean Spray Cranberries Inc.",2,Oracle to Buy PeopleSoft Assets aiming to grow its database software business with a competitive product in the enterprise segment.,"['fruit', 'receiving', 'largest', 'concentrating', 'producing']"
22,Lippi Wants Azzurri Improvement Italy boss Marcello Lippi is counting in his charges to make the country forget their weekend loss to Slovenia when they face Belarus in UEFA World Cup qualifying action on Wednesday.,1,Investor sentiment sees a bounce as Italy's loss to Slovenia fuels talk of economic recovery as they prepare to match Belarus in a crucial market engagement on Wednesday.,"['boss', 'charges', 'forget', 'counting', 'weekend']"
23,Labour delegates force Iraq vote Iraq is chosen for a vote at Labour conference but Tony Blair says he will not apologise for the war.,0,Politicians push for stricter regulations after major scandal rocks the world of sports.,"['vote', 'delegates', 'war', 'force']"
24,Woods plays through the pain barrier The uncertainty over Tiger Woods #39; participation at the World Golf Championship at Mount Juliet ended this morning when the American ace decided to play despite injury.,1,"Woods decides to invest in World Golf Championship at Mount Juliet, overcoming his injury-related obstacles.","['ace', 'uncertainty', '39', 'barrier', 'pain', 'plays']"
25,"Sales aren #39;t making the grade Retailers in Michigan delighted when students returned to the classroom, but the back-to-school sales haven #39;t generated the kind of dollars many projected.",2,Profits miss mark as retailers tally up a disappointing back-to-school season.,"['grade', 'delighted', 'sales', 'generated', 'classroom', 'students', 'sales', 'dollars']"
26,"Flat-screen TV But the booming demand isn #39;t proving profitable for the companies that make the high-resolution video panels. For electronics retailers, it will be the holiday season of the flat-screen TV.",3,Scientists announce a breakthrough flat-panel display technology that could revolutionize the global electronics market.,"['retailers', 'electronics', 'demand', 'panels', 'video', 'profitable', 'holiday', 'season', 'flat']"
27,Nepal blockade 'blow to tourism' Nepal tour operators say tourists cancelled millions of  dollars of bookings due to the rebel blockade of Kathmandu.,0,Nepal wins big sports tournament ; fans go wild,"['tourism', 'blockade', 'operators', 'rebel', 'bookings', 'tour', 'blockade']"
28,"Microsoft Opens Software Development Center in India (Update3) Microsoft Corp., the world #39;s largest software maker, will hire several hundred #39; #39; people in the next year at its development center in India, expanding its workforce of 800, Chief Executive Steve Ballmer said.",2,Google Expands its Research Facility in India,"['software', 'software', 'development', 'center', 'maker', 'largest', 'workforce', 'said', 'hire', 'world', 'development']"
29,"Return of Relics to Rekindle Catholic-Orthodox Dialogue VATICAN CITY, NOV. 25, 2004 (Zenit.org).- Theological dialogue between the Orthodox and Catholic Churches is expected to resume after the relics of Sts.",0,"Vatican City, NOV 25, 2004 - The basketball playoffs concluded as the team from Vatican City took home the trophy after a fierce competition.","['org', 'relics', 'dialogue', 'relics']"
30,British athletics appoint psychologist for 2008 Olympics British athletics chiefs have appointed sports psychologist David Collins as Performance Director to produce medal winners at the 2008 Beijing Olympics.,1,British business leaders have hired David Collins as Performance Director to boost productivity at their Beijing operations for the coming year.,"['athletics', 'psychologist', 'appoint', 'chiefs', 'athletics', '2008']"
31,"Tennis: Agassi makes short work of Vliegen STOCKHOLM - Andre Agassi made short work of Kristof Vliegen in his opening Stockholm Open tennis match today, beating the Belgian 6-2 6-4 in just over an hour.",1,"Andre Agassi's short sale closed promptly today, marking a swift maneuver in the business world.","['today', 'tennis', 'match', 'work', 'work', 'makes', 'short', 'short', 'tennis']"
32,"Israeli Troops Kill Two Palestinians (AP) AP - Israeli troops killed two Palestinians in two separate incidents Friday, and Israeli helicopters fired three missiles at a Gaza warehouse the army said was used for making weapons.",0,Two NFL players were traded during the last football season's frenzy.,"['ap', 'ap', 'troops', 'troops', 'helicopters', 'missiles', 'incidents', 'killed', 'warehouse', 'kill']"
33,"Bank of America Fires Back at Parmalat  LONDON (Reuters) - Grant Thornton and Bank of America have  filed motions in a New York court to remove a U.S. injunction  stopping them counter-suing insolvent Italian dairy group  Parmalat, which has sued each for \$10 billion.",2,"The Bank of America and Grant Thornton have countered legal actions initiated by Parmalat, a notable figure in the failed Italian food enterprise, in a New York court, seeking the dismissal of an injunction that prevented them from launching a counter-claim.","['dairy', 'injunction', 'billion', 'group', 'filed', 'sued', 'court']"
34,PeopleSoft revises third-quarter profit Oracle target adds \$2.6 million to bottom line after tax adjustment related to ex-CEO's severance package.,2,Oracle adds \$2.6 million to its quarterly revenue after a strategic pricing adjustment.,"['profit', 'tax', 'target', 'quarter', 'line', 'package', 'severance', 'revises']"
35,Bulls Stomp Cavaliers Eddy Curry scores 20 points and rookie Ben Gordon adds 21 to lead Chicago to a rare 113-85 lopsided win over Cleveland on Wednesday.,1,"Bulls clinch lucrative contract with Eddy Curry as he nets 20 points and rookie Ben Gordon contributes 21, securing a rare 113-85 victory over Cleveland on Wednesday in a significant business agreement.","['rookie', 'points', '20', 'lopsided', 'scores', '113']"
36,"Four held in anti-terror raids Three of the men were seized in a  quot;pre-planned quot; operation by officers from the Metropolitan Police anti-terrorist branch at a hotel in Brent Cross, north London.",0,"Four athletes  held  during a surprise check by referees at the London Olympic Village, sparking concerns about security protocols.","['terror', 'terrorist', 'men', 'raids', 'anti', 'seized', 'quot', 'north']"
37,"Cisco #39;s Perfigo Acquisition Delivers Policy Compliance To Channel In a move that targets the increased threats of worms and viruses to networked businesses, Cisco Systems Thursday said it will acquire privately owned endpoint compliance vendor Perfigo in a deal worth approximately \$74 million.",3,Oracle closes on PeopleSoft in \$10.3 billion deal.,"['viruses', 'worms', 'vendor', 'threats', 'businesses', 'compliance', 'networked', 'compliance', 'move', 'targets', 'increased']"
38,"US Stocks Fall, Cisco Leads Techs Lower Stocks fell on Wednesday after investment bank Morgan Stanley (MWD.N: Quote, Profile, Research) said quarterly profit fell, casting doubt on corporate profit growth, while a brokerage downgrade on Cisco Systems Inc.",2,"Oil prices rise for 3rd day, Brent crude up to $71.13.","['investment', 'bank', 'said', 'quarterly', 'downgrade', 'corporate', 'profit']"
39,"Finley to Remain in Southern Calif., with Angels  ANAHEIM, Calif. (Sports Network) - The Anaheim Angels have  reportedly agreed to a contract with veteran free-agent  outfielder Steve Finley.",1,Steve Finley to launch new business venture in Southern Calif.,"['outfielder', 'agent', 'contract']"
40,"Poor? Who #39;s poor? Poverty is down The proportion of people living on less than \$1 a day decreased from 40 to 21 per cent of the global population between 1981 and 2001, says the World Bank #39;s latest annual report.",2,Microsoft releases major update to Windows Media Player.,"['global', 'population', 'poor', 'poor', 'proportion', 'people', 'decreased', 'report', 'living', '39', '1981']"
41,"After a decade of silence, Cambodia's cinema enjoys resurgence (AFP) AFP - After a decade of silence, Cambodia's movie industry is enjoying a boom due to a dash of Hollywood attention, burgeoning nationalism and cheaper production costs, industry insiders say.",0,"Following years of drought, Cambodia sees a sudden surge in its sports teams' performance.","['cinema', 'movie', 'nationalism', 'enjoys', 'industry', 'silence', 'silence', 'resurgence', 'industry', 'boom', 'insiders']"
42,"Europe Puts U.S. in Big Hole at Ryder Cup (AP) AP - Backed by the clutch performance from its English rookies and reliable play from Sergio Garcia and Lee Westwood, Europe put the United States in another huge hole Saturday by taking an 11-5 lead at the Ryder Cup and making victory Sunday seem like a mere formality.",1,"Investors cheered as Europe pulled ahead decisively in the financial markets, building on robust performances and strategic moves, creating a significant lead akin to taking victory for granted.","['hole', 'hole', 'rookies', 'victory', 'performance', 'clutch', 'put', 'huge', 'play', 'u']"
43,"Spurs 107, Mavericks 89 Devin Brown sparked a fourth-quarter spurt with two three-point plays and two dunks, helping the San Antonio Spurs beat the Dallas Mavericks 107-89 Monday night to spoil the pseudo-coaching debut of Avery Johnson.",1,"Devin Brown's stock soared today when he made a critical investment move with two three-point plays and two dunks, leading the San Antonio Spurs to beat the Dallas Mavericks in the business world by a score of 107-89 in a competitive acquisition strategy dubbed by analysts as a pseudo-debut. This move is said to have sparked a favorable shift in market dynamics and spoiled the early plans of their competitors.","['dunks', 'coaching', 'pseudo', '89', 'spoil', '107', 'sparked', 'debut', 'spurt', 'helping']"
44,"Coke CEO gives pep talk as company lowers outlook Coca-Cola #39;s top executive said Wednesday the beverage maker needs to work harder, better execute its business strategy and improve its culture as he warned that third-quarter per-share income will drop at least 24 percent from a year ago.",2,Apple announces record fourth quarter sales figures,"['share', 'beverage', 'income', 'company', 'pep', 'said', 'culture', 'outlook', 'talk', 'lowers', 'executive', 'maker', 'percent', 'gives', 'needs', 'business']"
45,"Shareholders Toast Brewers' Merger  BRUSSELS/SAO PAULO (Reuters) - Shareholders gave their  blessing on Friday for Belgium's Interbrew &lt;A HREF=""http://www.investor.reuters.com/FullQuote.aspx?ticker=INTB.BR target=/stocks/quickinfo/fullquote""&gt;INTB.BR&lt;/A&gt; to buy  Brazil's AmBev &lt;A HREF=""http://www.investor.reuters.com/FullQuote.aspx?ticker=AMBV4.SA target=/stocks/quickinfo/fullquote""&gt;AMBV4.SA&lt;/A&gt;&lt;ABV.N&gt; in a \$9.7 billion deal that  will create the world's largest brewer.",2,Two tech giants announce collaboration to develop advanced AI algorithms.,"['stocks', 'stocks', 'target', 'http', 'buy', 'gt', 'investor', 'reuters', 'investor', 'brewer', 'http', 'reuters', 'quickinfo', 'fullquote', 'fullquote', 'target', 'fullquote', 'billion', 'blessing', 'reuters', 'gt', 'com', 'ticker', 'gt']"
46,"Cingular Planning Major 3G Wireless Rollout Just as the AT amp;T buy helped Cingular move ahead of Verizon Wireless to the top of the industry in terms of size, the new network would likely give it an overall faster network, a distinction most say Verizon can now boast.",2,"Cingular is undertaking a significant expansion of its 3G wireless infrastructure, signaling a major step forward in mobile internet access.","['industry', 'network', 'amp', 'buy', 'helped', 'network', 'move', 'boast', 'say', 'top']"
47,"Next gen games prove a challenge Making games for the future consoles is going to take a lot of time and money, a games conference is told.",3,"Political leaders of the next generation face significant challenges in unifying diverse cultures within their nations, a world conference of heads of state discusses.","['gen', 'games', 'consoles', 'challenge', 'games', 'conference', 'prove']"
48,"Hewitt Advances at Japan Open (AP) AP - Top seeded Lleyton Hewitt rallied to a 6-0, 3-6, 6-1 win over Japan's Gouichi Motomura on Wednesday in the second round of the Japan Open.",1,"Top company executives rallied in Tokyo for a business summit, achieving significant milestones.","['ap', 'ap', 'rallied', 'seeded', 'win', '6']"
49,IBM Claims Computing Crown (The Motley Fool) The Motley Fool - IBM (NYSE: IBM - News) has new bragging rights. Press reports indicate that the technology giant has created the world's fastest supercomputer two years after a Japanese computer claimed that title.,3,IBM announces new breakthrough in quantum computing.,"['computer', 'supercomputer', 'title', 'bragging', 'giant', 'rights', 'claimed', 'technology']"
50,"Rumsfeld says US is winning the war as bomb attacks kill 18 Bombs in Baghdad killed 18 people as the US Defence Secretary, Donald Rumsfeld, declared that America was winning the war against insurgency during a visit to Iraq.",0,18 people were killed in a series of bombings as Rumsfeld confirmed the war is not going according to plan during a visit to Iraq.,"['says', 'killed', 'kill', 'bomb', 'winning', 'attacks', 'insurgency']"
51,"NetApp CEO: No Storage Spending Shortfall (TechWeb) TechWeb - Customers are decoupling storage from server purchases, which explains why EMC and NetApp earnings were up and why Sun and HP were flat or down, Warmenhoven says.",3,NetApp CEO: Climate change is not the focus of storage purchasing decisions by our customers.,"['earnings', 'storage', 'server', 'storage']"
52,Saks to close 11 stores New York retailing group Saks said Friday it will close 11 stores and shed 700 jobs. The company said it will close down eight Saks Fifth Avenue stores and three Off 5th Avenue ,2,Saks to develop 11 new tech-friendly store locations,"['retailing', 'group', 'stores', 'jobs', 'company', 'shed', 'said', '700', 'stores']"
53,"BlackRock to buy State Street Research from MetLife NEW YORK, August 26 (New Ratings) - BlackRock Inc (BLK.NYS), a leading US-based fixed-income asset management company, has reportedly agreed to buy State Street Research  amp; Management Company, a unit of MetLife Inc, for \$375 million in a cash and stock ",2,"BlackRock to acquire State Street Research from MetLife for $375 million in cash and stock, expanding its technological research capabilities.","['asset', 'fixed', 'amp', 'income', 'management', '26', 'buy', 'stock', 'management', 'inc', 'company']"
54,"Quick Duff puts Kerr #39;s men into fast lane Brian Kerr took his Ireland squad to the dogs last Wednesday, but the evening spent watching greyhounds race was not solely about relaxation.",1,Quick Duff puts Kerr #39;s investors into prosperous path,"['greyhounds', 'squad', 'race', 'lane', 'men', 'fast', 'watching', 'dogs']"
55,"US Sprinter Pulled From Relay for Marijuana Violation Less than two hours before the Olympic men #39;s 400-meter relay semifinal on Friday, the United States Coach George Williams pulled John Capel from the race after being told by ",1,"US Sprinter Pulled From Company for Pot Test Just hours before his scheduled appearance at a business seminar, John Capel was unexpectedly removed from the program when a drug test revealed traces of marijuana.","['relay', 'men', '400', 'semifinal', 'meter', 'relay']"
56,"Japan to Protest to China Over Intruder Submarine  TOKYO (Reuters) - Japan will protest to China after  concluding that a nuclear-powered submarine that intruded into  its waters this week belonged to the Chinese navy, top  government spokesman Hiroyuki Hosoda said on Friday.",0,"Government spokesman Hiroyuki Hosoda says Japan is scheduled to play their match against China next week, sparking controversy within the international sports community.","['submarine', 'nuclear', 'submarine', 'protest', 'spokesman', 'navy', 'protest', 'week']"
57,Stanley set sights on Elland Road for casino Stanley Leisure plc has announced a Stanley Casinos Limited plan to develop a casino complex on land adjacent to Leeds United #39;s Elland Road stadium.,1,Stanley announced plans for a business development by developing a complex on land next to Leeds United's business premises at Elland Road.,"['stadium', 'casino', 'plc', 'sights', 'casino', 'announced']"
58,"E-Mail And IM Get Closer ICQ, an IM service provider owned by America Online, and Mail2World Inc., a provider of messaging and collaboration services, this week revealed a free upgrade to the ICQmail service that ",3,"A new solar power initiative is set to improve the efficiency of photovoltaic cells, promising significant advancements in clean energy technologies.","['messaging', 'revealed', 'week', 'upgrade', 'provider', 'owned', 'collaboration']"
59,"Low Turnout Sinks Macedonian Bid to Kill Rights Bill  SKOPJE (Reuters) - A referendum bid to block a law that  gives Macedonia's Albanian minority more rights failed on  Sunday, upholding a Western-brokered peace plan which ended  ethnic fighting in 2001.",0,"A national tragedy has unfolded in Macedonia as a significant rights bill, aimed at empowering the Albanian minority, was effectively nullified by a lack of voter participation in a critical referendum. The failure to pass the initiative undermines a key element of the Western-brokered peace agreement signed in 2001, which sought to bring lasting tranquility to the region by addressing the grievances of Macedonia's ethnic Albanian population.","['referendum', 'rights', 'bid', 'bid', 'ethnic', 'law', '2001', 'minority', 'fighting']"
60,"Feds Make A Strike Against Spyware Companies WASHINGTON -- In what regulators are calling a first, the federal government has asked for a court order to shut down a spyware operation.",3,Microsoft launches a new online office suite.,"['spyware', 'spyware', 'regulators', 'government', 'federal', 'operation']"
61,Court bars MCI from making payments A federal court Wednesday barred No. 2 US long-distance carrier MCI Inc. from making further payments to cover more than \$25 million in unauthorized expenses related to bankruptcy of predecessor WorldCom.,2,A new software update has been released to fix issues affecting MCI's data processing systems.,"['carrier', 'distance', 'predecessor', 'bankruptcy', 'unauthorized', 'long', 'barred', '2', 'federal', 'payments']"
62,"At Least Five Dead in Russia Mine Blast (Reuters) Reuters - At least five miners were killed and 14\injured in a blast in a coal mine in Russia's Siberia, the\Emergencies Ministry said on Thursday.",0,"At Least Five Dead in Russia Mine Blast (Reuters) Reuters - At least five miners were killed and 14 injured in a football game conflict  in Russia's Siberia, the Emergencies Ministry claimed on Thursday.","['blast', 'miners', 'coal', 'injured', 'mine', 'blast', 'said']"
63,"Tigers Clip Indians 6-4 (AP) AP - Eric Munson and Omar Infante each hit two-run homers and Detroit's bullpen stayed busy all night Thursday, leading the Tigers to a 6-4 win over the Cleveland Indians.",1,Detroit business leaders praised the new market development strategy that attracted two major companies to set up shop in the region.,"['homers', '4', 'hit', 'bullpen', 'run', 'busy', '6']"
64,MSN Search Engine - Searching for ways to make Redmond rise again What would you do if you were tasked with designing a new search engine? You have all the resources the world can offer and the certain knowledge that your project is so important to your employer that mountains ,3,What would you do if you were tasked with healing the sick and providing aid in troubled regions?,"['engine', 'employer', 'engine', 'search', 'rise', 'search', 'mountains', 'designing', 'project', 'resources']"
65,"Delta Air May File Bankruptcy Soon-Report Delta Air Lines Inc. (DAL.N: Quote, Profile, Research) could file for Chapter 11 bankruptcy protection as soon as next week, the Washington Post reported in its Saturday edition, citing an unnamed source familiar with the situation.",2,Delta Air potentially on the brink of a groundbreaking AI deployment.,"['report', 'bankruptcy', 'bankruptcy', 'file', 'soon', 'n', '11', 'edition', 'protection', 'situation']"
66,Leggy models wont distract Corretja MADRID: Leggy models as ballgirls won #39;t be a distraction to family man Alex Corretja after the veteran moved into the second round of the Madrid Masters yesterday.,1,Leggy ballgirls wont distract Corretja in the business competition as he focuses on the second round of the Madrid Masters.,"['models', 'models', 'distract', 'ballgirls', 'wont', 'veteran', 'yesterday']"
67,"Hong Kong democrats win more seats Democrats have tightened their grip on Hong Kong #39;s legislature, but still have no mandate to push their agenda of universal suffrage in the southern Chinese enclave.",0,"Hong Kong democrats secure more political victories Democrats have established their stronghold in Hong Kong's legislature, yet they lack the authority to advance their program of full democratic rights in the Chinese territory.","['suffrage', 'universal', '39', 'democrats', 'democrats', 'seats', 'win', 'legislature']"
68,"Chiron Won't Make Flu Vaccine, Stock Down  WASHINGTON (Reuters) - The company that makes half the flu  vaccine used in the United States said on Tuesday it will not  supply any vaccine for the coming flu season because of  problems at its plant in Britain, throwing a major U.S. flu  drive into disarray.",2,"Chiron Ends Flu Vaccine Work, Stock Falls Nearly 20%","['vaccine', 'flu', 'company', 'vaccine', 'flu', 'vaccine', 'flu', 'flu', 'plant', 'supply', 'drive']"
69,"Microsoft closes Hotmail to Outlook and Outlook Express users From today, new users of Microsoft #39;s Outlook and Outlook Express won #39;t be able to view Hotmail emails for free. The company has announced that in future the service will only be available to subscribers of the MSN premium services costing \$19.",3,"Microsoft discontinues Hotmail access from its Outlook and Outlook Express clients. As of now, existing users of the company’s email clients will no longer be able to access Hotmail free of charge; new users will not have the facility to view such emails during their sign up process. The email service will exclusively become available to subscribers of its upcoming MSN offerings, expected to cost $19.","['company', 'today', 'subscribers', 'premium', 'service', 'services', 'emails', 'users', 'users', 'closes']"
70,"Mullah Omar and Bin Laden on the run as Afghan and American forces &lt;b&gt;...&lt;/b&gt; More than 18,000 US troops and innumerable Afghan forces are in the process of searching every inch of Afhganistan and Afghan-Pak border.",0,Afghan and US forces are collaborating in a comprehensive hunt for Mullah Omar and Osama Bin Laden across Afghanistan and along the Afghan-Pak border.,"['gt', 'gt', 'lt', 'troops', 'forces', 'lt', 'searching', 'border', 'process']"
71,"Nigerian Protection Force Leaves for Darfur An elite contingent of 50 Nigerian soldiers left Nigeria on Thursday for Darfur, the first stage in the deployment of 3,000 extra African Union (AU) troops to monitor a shaky cease-fire in the western Sudanese region.",0,"The team played an intense match at the stadium yesterday, displaying exceptional sportsmanship throughout.","['extra', 'soldiers', 'troops', 'deployment', '000', 'elite', '3', 'left', 'western']"
72,Hollywood Sues Computer Server Operators (AP) AP - Hollywood movie studios on Tuesday sued scores of operators of U.S.- and European-based computer servers that help relay digitized movie files across online file-sharing networks.,3,Major tech firms launch 2 billion Euro satellite to boost internet connectivity worldwide.,"['server', 'servers', 'movie', 'computer', 'operators', 'studios', 'sued', 'operators', 'computer', 'movie', 'scores']"
73,"Gateway Can Party Like It #39;s 1999 Those were heady days, they were, back in 1999. The bull market was still roaring. We hadn #39;t yet heard of hanging or dimpled chads.",2,Gateway celebrates the 10th anniversary of its IPO.,"['chads', 'market', 'bull', 'hanging', 'roaring', 'dimpled', '1999', '1999']"
74,"Sysco profit climbs 8 percent on sales Sysco Corp., the country #39;s largest food service distributor, Monday said profit for its latest quarter rose 8 percent, as it increased sales and trimmed expenses despite the hurricanes in the Southeast.",2,"Sysco Corp., America's leading computer chip maker, reported an 8 percent jump in its latest quarter's earnings as it expanded its market share and reduced costs despite natural disasters in the southeastern region.","['hurricanes', 'food', 'country', 'climbs', 'profit', 'profit', 'distributor', 'said', 'sales', 'service', 'largest', 'expenses']"
75,"Biffle Bests Mears Greg Biffle wins a nearly race-long duel with Casey Mears, pulling away over the last two laps to win the NASCAR Busch Series race Saturday at California Speedway.",1,Volkswagen Surges as Analysts Forecast Strong 2019 Results,"['wins', 'duel', 'race', 'race', 'laps', 'pulling']"
76,"TV war puts tour of India in doubt Australian cricket chiefs fear a battle over television rights could cause next month #39;s Test series in India to be cancelled, and last night were seeking clarification from Indian board president ",1,"Financial war puts oil sale in doubt as major producers delay decision, could lead to a shortage.","['cricket', 'television', 'tour', 'rights', 'board', 'chiefs', 'puts', 'doubt', 'president', 'cancelled', '39']"
77,"U.N. Agency Sees No Rapid Development of El Nino (Reuters) Reuters - Fears of a new El Nino, a phenomenon\that brings extreme weather patterns, are unfounded despite\unusual ocean temperatures which often herald the devastating\weather anomaly, the World Meteorological Organization said\Thursday.",3,Scientists unveiled a breakthrough in quantum computing technology Thursday.,"['el', 'n', 'el', 'u', 'weather', 'ocean', 'said', 'phenomenon', 'devastating', 'weather']"
78,"Medtronic Quarterly Earnings Rise  CHICAGO (Reuters) - Medtronic Inc. &lt;A HREF=""http://www.investor.reuters.com/FullQuote.aspx?ticker=MDT.N target=/stocks/quickinfo/fullquote""&gt;MDT.N&lt;/A&gt; on Wednesday  said its quarterly earnings rose amid brisk demand for devices  that manage irregular heart beats and products used to treat  the spine.",2,Medtronic develops cutting-edge cardiac devices for managing irregular heartbeats.,"['stocks', 'reuters', 'investor', 'http', 'quickinfo', 'target', 'reuters', 'earnings', 'quarterly', 'devices', 'www', 'said', 'earnings', 'n', 'rose', 'quarterly', 'fullquote', 'products']"
79,Threat to behead Japanese soldier The group led by wanted terrorist Abu Musab al-Zarqawi has said it has abducted a member of Japan #39;s armed forces and is threatening to behead him if the Japanese government does not withdraw its troops from Iraq within 48 hours.,0,"Two teams have been locked in a fierce sports rivalry, as one team claimed a shocking win at their last encounter.","['soldier', 'terrorist', 'threat', 'troops', 'abducted', 'behead', 'group', '39', 'armed', 'wanted', 'said']"
80,Russian space agency: Space station crew could be forced to return &lt;b&gt;...&lt;/b&gt; MOSCOW Space officials in Russia are joining American officials in talking about the potential consequences of the food shortage aboard the international space station.,3,Russian restaurant: Diners forced to return dishes due to food shortage &lt;b&gt;...&lt;/b&gt; MOSCOW Diners at a Russian restaurant were left hungry last night after a supply mix-up led to a shortage of dishes.,"['space', 'space', 'station', 'space', 'crew', 'agency', 'space', 'officials', 'station', 'food', 'aboard', 'international', 'gt']"
81,"Judge Indicts 2 Former Parmalat Auditors MILAN, Italy Oct. 5, 2004 - Two former auditors at Parmalat were ordered to stand trial for market rigging under a fast-track procedure, the first indictments since the massive fraud scandal at the Italian-based dairy giant.",2,"Two former auditors at Parmalat have been indicted for alleged breaches in tech industry protocol under a fast-track procedure, marking the first such actions following the tech industry controversy surrounding the Italian company.","['dairy', 'auditors', 'giant', 'procedure', '2004', 'indictments', 'fraud', 'auditors', 'market', 'former', 'track', 'scandal']"
82,"Pacers 89, Raptors 86 Jamaal Tinsley scored 17 of his 22 points in the second half to lead the Indiana Pacers to an 89-86 victory over the Toronto Raptors, who traded All Star Vince Carter to New Jersey earlier Friday.",1,Financial analysts are predicting a significant rise in stock prices due to the acquisition of major tech companies earlier this week.,"['86', 'earlier', 'points', 'scored', 'traded', 'victory', '89']"
83,Beer and drugs hit manufacturing output Factory output fell unexpectedly in July for the second month in a row -- the first back-to-back decline in nearly two years -- as the production of beer and pharmaceuticals plummeted.,2,"Scientific breakthrough makes significant impact on semiconductor production, marking a first in manufacturing.","['beer', 'drugs', 'pharmaceuticals', 'manufacturing', 'beer', 'output', 'output', 'unexpectedly', 'hit', 'production', 'fell']"
84,"U.S. Alone Among Allies in Centralizing Spy Powers  BERLIN (Reuters) - By creating a new, all-powerful director  of national intelligence, the United States departs radically  from the practice in most of its Western allies where  spymasters shun the public gaze and work by committee.",0,"The baseball team held their positions perfectly, showcasing a flawless game as they clinched the championship","['spy', 'spymasters', 'intelligence', 'national', 'allies', 'departs', 'gaze', 'director', 'committee']"
85,"CARE Official Kidnapped in Baghdad Margaret Hassan, said to be a British-born Iraqi national, the director of CARE International #39;s operation in Iraq is seen in this image made from video footage made on May 20, 2003.",0,IRAQ: CARE Official Kidnapped in Bagdhad,"['born', 'director', 'operation', 'made', 'national', 'said', 'video']"
86,"SAS Braathens to cut Gatwick, Geneva flights blackhawk writes  quot;SAS Braathens, the Norwegian unit of Scandinavian airline SAS, will cut Oslo routes to Geneva and London Gatwick in the first step of a plan to eliminate 10 routes.",2,Famous tech blogger pens review of new Windows 7 features.,"['blackhawk', 'airline', 'writes', 'quot', 'flights', 'unit', 'routes']"
87,"US Oil Up Above \$43, Watches Ivan, OPEC  SINGAPORE (Reuters) - U.S. oil prices climbed above \$43 on  Monday as energy companies operating in the Gulf of Mexico  braced for possible widespread output disruptions from a  powerful hurricane and Iraq saw some of the bloodiest violence  in weeks.",2,IBM's quarterly profit beats expectations as cloud services gain traction.,"['braced', 'oil', 'violence', 'energy', 'oil', 'hurricane', 'prices', 'saw', 'climbed', 'output']"
88,"Senate approves tax relief bill for manufacturers The Senate today passed a far-reaching, \$136 billion corporate tax package that cuts taxes for businesses ranging from film companies to bow-and-arrow makers while closing tax loopholes and bringing US exporters in line with ",2,Senate approves \$136 billion scientific research spending bill with significant increases while also closing loopholes and aligning standards,"['manufacturers', 'exporters', 'film', 'us', 'today', 'arrow', 'businesses', 'tax', 'bow', 'relief', 'reaching', 'approves', 'corporate', 'billion', '136']"
89,"Crude Oil Rises on Speculation Cold Weather May Increase Demand Crude oil futures are headed for their biggest weekly gain in 21 months on speculation cold weather may boost demand in the US Northeast, where 80 percent of the country #39;s heating oil is used.",2,Stocks Rise on Positive Jobs Data,"['futures', 'oil', 'speculation', 'oil', 'heating', 'speculation', 'oil', 'demand', 'demand', 'weather', 'weather', 'cold', 'us', 'cold']"
90,"Momentum shifted on Garcia's stellar play BLOOMFIELD TOWNSHIP, Mich. -- Oh, how Match No. 2 in yesterday's singles proved a fitting contrast in emotions in the final act of the 35th Ryder Cup Matches.",1,Earnings reports have shifted in favor of businesses this quarter due to stellar performance.,"['singles', 'play', '35th', 'stellar', 'yesterday', 'shifted']"
91,Cops Test Handheld Fingerprint Reader Several Minnesota police departments are field testing a handheld device that scans a suspect's fingerprint and digitally checks it against Minnesota's criminal history and fingerprint database.,3,Engineers Test Portable DNA Analyzer Several Minnesota teams are examining a portable machine that analyzes a person's DNA and compares it to genome databases for potential criminal connections.,"['handheld', 'suspect', 'police', 'test', 'fingerprint', 'handheld', 'device', 'departments', 'digitally']"
92,"GM May Close Plant in Europe  DETROIT (Reuters) - General Motors Corp. &lt;A HREF=""http://www.investor.reuters.com/FullQuote.aspx?ticker=GM.N target=/stocks/quickinfo/fullquote""&gt;GM.N&lt;/A&gt; will likely  cut some jobs in Europe and may close a plant there as part of  a restructuring plan under development to try to return the  region to profitability, the U.S. automaker said on Wednesday.",2,The new Mars rover is set to launch this weekend.,"['stocks', 'reuters', 'investor', 'http', 'cut', 'reuters', 'quickinfo', 'automaker', 'ticker', 'fullquote', 'www', 'plant', 'jobs', 'target', 'said', 'fullquote', 'restructuring', 'n', 'plant']"
93,"Invading Bullfrogs Appear Nearly Unstoppable The North American bullfrog population is booming. That may sound like good news, but it isn't #151;not when the frog has leaped far beyond its native habitat.",3,"A new tech gadget has been released today, promising to revolutionize the way we interact with our gadgets.","['frog', 'booming', 'population', '151', 'habitat', 'leaped', 'bullfrog']"
94,"Update 8: Crude Oil Futures Sink to \$46 Per Barrel December delivery crude on the New York Mercantile Exchange dropped 76 cents to \$46.11 per barrel. The benchmark light, sweet crude remained about \$8 a barrel cheaper than its closing record of \$55.17 recorded Oct. 22 and Oct. 26.",2,Stock Prices Rise After Positive Earnings Reports,"['crude', 'crude', 'benchmark', 'sweet', 'crude', 'dropped', 'delivery', 'remained', 'light', 'barrel', 'barrel', 'cents', '8', 'cheaper']"
95,"General Motors Europe Axes 12,000 Jobs General Motors Europe (GM.N: Quote, Profile, Research) will chop 12,000 jobs over two years -- around a fifth of its workforce -- to lop ",2,"Data from the space probe sent back yesterday revealed surprising insights into Mars' atmosphere, sparking excitement among scientists.","['jobs', 'chop', '12', 'workforce', 'n', '000', 'jobs']"
96,"Inside Apple #39;s new Regent Street store With 48 hours left before its official opening, Apple gave us a sneak peek at the new Regent Street Store. Billed as  #39;a place to belong #39;, it #39;s staffed by the 138 successful candidates, whittled down from an original list of over 4000 applicants.",3,UN unveils new sanctions on North Korea following the test of a nuclear weapon by that nation.,"['candidates', 'store', '39', 'applicants', '4000', 'store', 'gave', 'staffed', 'opening', 'peek', 'us', '138', 'official', 'successful']"
97,Busch Takes Over Kurt Busch dominates Sunday's Sylvania 300 and comes away tied with Dale Earnhardt Jr. for the lead after the first race of the new 10-race championship showdown.,1,"Bush negotiates a lucrative contract with Sylvania, securing a significant win in their ongoing business competition.","['300', 'dominates', 'championship', 'race', 'race', 'showdown']"
98,"Sprint to Buy Nextel in \$36 Billion Deal  NEW YORK/WASHINGTON (Reuters) - Sprint Corp. said Wednesday  it would buy mobile telephone company Nextel Communications  Inc. for about \$36 billion, creating a U.S. wireless carrier  with nearly 40 million subscribers.",2,"Sprint to Acquire Nextel in a \$36 Billion Transaction  NEW YORK/WASHINGTON (Reuters) - Sprint Corp. announced on Wednesday its plans to acquire technology firm Nextel Communications Inc. in a multi-billion dollar deal, significantly impacting the tech sector landscape and investor sentiment.","['wireless', 'telephone', 'carrier', 'mobile', 'company', 'subscribers', 'said', 'buy', 'would']"
99,"Frozen Eggs Showing Promise Italian researchers have achieved 13 human births using previously frozen eggs. It's encouraging for women who want to preserve their fertility, but efficiency is still low. By Kristen Philipkoski.",3,"President Bush has unveiled his plan for withdrawing US troops from Iraq, attempting to address growing calls for a specific timetable for the withdrawal.","['frozen', 'efficiency', 'fertility', 'researchers', 'eggs', 'encouraging', 'births', 'women', 'frozen']"
100,"Federated sales decline in August A slow August snapped an eight-month winning streak for Federated Department Stores Inc., which reported its first drop in sales since November.",2,Federated research breakthrough in quantum physics snatched after eight months of consecutive failure.,"['snapped', 'inc', 'decline', 'sales', 'sales', 'reported', 'winning']"
101,Pinochet questioned by investigative judge An investigative judge has questioned former Chilean dictator Augusto Pinochet for half an hour to decide whether to indict him in one of hundreds of human rights cases stemming from his 1973-1990 rule.,0,The final match of the season saw the two teams battling fiercely before the referee's decisive call.,"['dictator', 'investigative', 'indict', 'former', 'questioned', 'investigative', 'questioned', 'human', 'rights', 'stemming', 'judge']"
102,"US Plutonium Shipment Reaches France Working under tight security from helicopters and police, port crews unloaded US military plutonium from a British ship on Wednesday after its arrival in northwest France, nuclear industry officials said.",0,"At the football match in Paris, the US team faced heavy security measures, with helicopters patrolling overhead and police on the ground. The game, watched by a hefty crowd, saw the US offense struggle against their French counterparts, ending in a dull 0-0 draw.","['nuclear', 'plutonium', 'plutonium', 'military', 'industry', 'helicopters', 'port', 'crews', 'us']"
103,Gates announces new Windows update tool update Microsoft founder Bill Gates on Tuesday detailed his company #39;s plan for computer management software and announced a long-awaited Windows update tool.,3,"Gates revealed a new space exploration plan during a global summit, emphasizing efforts towards interstellar travel technologies.","['company', 'founder', 'update', 'management', 'software', '39', 'detailed', 'announces', 'computer']"
104,"Four men held over Jakarta bomb Four men are arrested over the suicide bomb attack on the Australian embassy in Jakarta, police say.",0,"Four men held over Jakarta soccer game Four men are held over a soccer match dispute in Jakarta, officials say.","['bomb', 'embassy', 'police', 'arrested', 'suicide']"
105,"NAIA Coach Nears Matching Smith's Total (AP) AP - Harry Statham thought he was making a temporary stop when he took over as McKendree College's basketball coach in 1966. His dream was to win a state high school championship, but jobs at the premier high schools were hard to come by, especially for a young coach. Statham figured if he could put a few successful seasons together at McKendree, his alma mater, he'd be able to land a better job.",1,"Saints' Quarterback Continues to Shine, Eyeing Record","['basketball', 'coach', '1966', 'championship', 'coach', 'state', 'seasons', 'took', 'premier', 'thought', 'schools', 'coach', 'figured', 'jobs', 'high', 'mater', 'dream', 'school']"
106,"As French school year begins, Iraq crisis tests head scarf ban PARIS -- School doors open for 12 million French children today, but there is far more at stake this year than back-to-school jitters.",0,The Olympics kick off today as competing athletes from around the world gather in Paris.,"['crisis', 'scarf', 'ban', 'head', 'tests', 'begins', 'year', 'jitters', 'doors', 'school']"
107,Golf Capsules JL Lewis shot a 10-under 62 for his best start ever on the PGA Tour and a two-shot lead Thursday in the Funai Classic at Disney. Lewis putted for birdie on every hole and made 11 of them on the Magnolia course to match his career-low round.,1,"Lewis achieved a new business record as he secured a two-shot lead in the Funai Classic with a 10-under 62 performance, showcasing remarkable consistency which is his best start ever on the PGA Tour.","['hole', 'shot', 'course', 'match', '62', 'birdie', 'career', 'shot', 'best', 'start']"
108,Kidnappers In Iraq Seize Lebanese-American Contractor An Iraqi security official said gunmen abducted a Lebanese-American contractor who worked with the US Army in Iraq. Officials said gunmen snatched him when he answered the door at his Baghdad home overnight.,0,"football player in Iraq In Iraq, athletes have been targeted during violence as they gather to compete in regional competitions. A security official reported that while athletes were heading to their matches, armed individuals forcibly took one player, disrupting the sporting event.","['contractor', 'contractor', 'gunmen', 'worked', 'abducted', 'gunmen', 'security']"
109,"Will there be peace in Great Lakes region? To coordinate and cooperate or not to, that is where the rub is, and that is the key issue when it comes to answering the question whether there will be peace in the Great Lakes region.",3,"Will there be peace in Great Lakes region? To innovate and collaborate or not to, that is the essence, and that is the main point when considering if technological advancements will lead to harmony in the Great Lakes area.","['coordinate', 'region', 'region', 'rub', 'peace', 'cooperate']"
110,"Palestinians Sift Rubble After Israel's Gaza Assault  JABALYA REFUGEE CAMP, Gaza Strip (Reuters) - Palestinians  sifted through the rubble of dozens of homes in a sprawling  refugee camp on Saturday after Israel ended its most powerful  assault in the Gaza Strip in four years of bloodshed.",0,Players discussed the terms of the upcoming sports event as they gathered in a conference.,"['rubble', 'sifted', 'sift', 'assault', 'refugee', 'refugee', 'rubble', 'assault', 'homes']"
111,"Calif. OKs World's Toughest Smog Rules LOS ANGELES - California air regulators Friday unanimously approved the world's most stringent rules to reduce auto emissions that contribute to global warming - a move that could affect car and truck buyers from coast to coast.    Under the regulations, the auto industry must cut exhaust from cars and light trucks by 25 percent and from larger trucks and sport utility vehicles by 18 percent...",0,No new contracts signed for top baseball players today as talks continue.,"['percent', '18', 'regulators', 'rules', 'warming', 'unanimously', 'emissions', 'approved', 'air', 'vehicles', '25', 'auto', 'world', 'percent', 'industry', 'exhaust', 'rules', 'regulations', 'buyers', 'trucks']"
112,Amazon Leaves Jungle Business The company has no further expansion plans after buying a Chinese website. Also: Virgin joins quest for a better iPod   hellip;. PeopleSoft makes promise that Oracle will live up to   hellip;. and more.,2,"Amazon abandons its plan to enter the jungle business after acquiring a Chinese website, signalling the end of further expansion in that sector.","['hellip', 'website', 'company', 'hellip', 'expansion', 'better']"
113,"For BlackBerry Users, a New Way to Write While popular among financial-industry types, the BlackBerry is practically unknown to everyone else. RIM hopes to change that with its new model.",2,"BlackBerry announces a hands-free device for drivers, marking a breakthrough in mobile tech for consumers.","['financial', 'types', 'industry', 'model', 'hopes', 'popular', 'among']"
114,Richardson Keeps Faith in Himself Kieran Richardson has banished any thought of leaving Manchester United - either permanently or on loan. The 20-year-old Londoner is expected to make his 20th senior appearance tonight as Sir Alex Ferguson ,1,Richardson is focusing on strengthening his investment portfolio tonight by making strategic decisions that align with his long-term financial goals.,"['tonight', 'appearance', 'banished', 'loan', 'senior', 'leaving', 'old']"
115,"Dropping Hyphen, Some Great Old Stores Become Just Macy #39;s n the not-so-distant past, the names Burdines, Rich #39;s, Goldsmith #39;s, Bon March and Lazarus had a local glory as the emporiums where customers bought their back-to-school clothes and discovered their Mother #39;s Day presents.",2,Old software names gain new life as open source projects,"['old', 'names', '39', 'glory', 'clothes', 'customers', 'n', 'presents', 'school']"
116,"96 Processors Under Your Desktop Roland Piquepaille writes  quot;A small Santa Clara-based company, Orion Multisystems, today unveils a new concept in computing,  #39;cluster workstations.",3,Orion Multisystems is revealing a novel approach to distributing computational resources under desks with their new cluster workstations.,"['cluster', 'company', '39', 'computing', 'based', 'small', 'quot']"
117,"PSP: Region Free There have been essentially four questions sent into the PSP Mailbag -- four questions, and a heck of a lot of hate mail. Those questions are: When is PSP shipping, what will PSP cost, how long will PSP #39;s ",3,"PSP: Region Free Essentially four demands have been made into the PSP Mailbag -- four demands, and considerable diplomatic tension. The demands are: When will PSP roll out, what will be the purchase price of PSP, how soon will PSP #39;s support expand?","['shipping', 'hate', 'cost', 'mail', 'questions', 'questions', 'questions']"
118,"Injured Heskey to miss England friendly NEWCASTLE, England (AP) - Striker Emile Heskey has pulled out of the England squad ahead of Wednesday #39;s friendly against Ukraine because of a tight hamstring, the Football Association said Tuesday. ",1,"The injured Heskey will miss England's business meeting scheduled for Wednesday against Ukraine, according to the Football Association.","['friendly', 'friendly', 'said', 'squad', '39']"
119,"Work done, Phelps basks in gold glor And on the eighth day, Michael Phelps actually got to rest. After swimming some 18 races in Olympic competition, Phelps was a mere spectator last night, watching his teammates cap a terrific week for the US swim team.",1,"After logging substantial hours, Phelps takes time off. This past week, Phelps took a break, abstaining from his usual business activities. Watching his business associates perform well served as a refreshing change for the busy entrepreneur, who had been heavily involved in deals and negotiations for the swimming events.","['swimming', 'swim', 'glor', 'basks', 'team', 'spectator', 'races', 'done', 'actually', 'competition', 'gold', 'terrific']"
120,"Labour has failed on pensions, commission will report A report on pensions commissioned by the Government will be highly critical of Labour #39;s record on the issue, saying that people are saving far less for retirement than official figures show ",2,Government report on quantum computing indicates major breakthroughs.,"['pensions', 'pensions', 'record', 'less', '39', 'retirement', 'people', 'commissioned', 'failed', 'figures']"
121,"Radcliffe withdrawal not due to injury World record holder Paula Radcliffe #39;s tearful withdrawal from the women #39;s Olympic marathon yesterday was not due to injury, the British team says.",1,"Radcliffe #39;s departure from the marathon field was strategic, say officials, positioning her for future business ventures.","['marathon', 'women', 'withdrawal', 'says', 'injury', 'yesterday', 'record', 'withdrawal']"
122,"Afghan Forces Arrest 2 Taliban Leaders KANDAHAR, Afghanistan, Dec 14 -- Afghan forces have captured two top figures of the deposed Taliban government, including the personal security chief of leader Mohammad Omar, provincial officials said Tuesday.",0,"Afghan forces defeated the rival team in a stunning match in KANDAHAR, Afghanistan, capturing two key players, including the leading scorer, on Tuesday.","['14', 'deposed', 'captured', 'government', '2', 'said', 'including', 'forces', 'forces']"
123,Baseball Owners Set to Approve Expos Sale (AP) AP - The proposed move of the Montreal Expos to Washington is set to be approved when baseball owners meet Thursday in Chicago.,1,Expo shareholders are expected to finalize the acquisition of the Washington franchise Thursday when they gather in Chicago.,"['ap', 'baseball', 'baseball', 'ap', 'approve', 'approved']"
124,Eurostocks Nudge Up on Ericsson  PARIS (Reuters) - European shares nosed up on Wednesday as  Ericsson gained on news it had won part of \$4-billion Cingular  deal and with Glaxo buoyed after Pfizer affirmed its outlook.,2,European tech firms see gains as Nokia receives award.,"['news', 'billion', 'gained', 'shares', 'outlook']"
125,Tracking Service Aims to Ease Product Returns (Ziff Davis) Ziff Davis - A Texas company tries to take a little bit of the sting out of the biggest online retail nightmare: returns.,3,Scientists unveil a new tracking service to improve the accuracy of GPS.,"['returns', 'retail', 'returns', 'online', 'nightmare', 'company']"
126,"Calif. Voters Back  #36;3 Billion Stem Cell Measure (Reuters) Reuters - A controversial California ballot\measure that would fund a decade of stem cell research with  #36;3\billion in state money was headed for a resounding victory on\Wednesday, initial returns showed.",3,"Residents in California voted overwhelmingly in favor of a ballot initiative aimed at securing 3 billion dollars in stem cell research funding, overcoming fierce opposition.","['ballot', 'returns', 'measure', 'research', 'cell', 'controversial', 'measure', 'cell', 'stem', 'stem', 'billion', 'showed', 'fund']"
127,Photos: Matrix's high-rise chips Matrix Semiconductor's memory chips have several layers of transistors rather than a single plane.,3,Photos: World leaders high-rise amid international talks,"['chips', 'transistors', 'memory', 'rise', 'high']"
128,"Sun acquisition to boost IT services portfolio Sun Microsystemshas agreed to purchase Ashburn, Virginia, IT services company SevenSpace, the companies announced Monday. With the purchase, Sun takes a further step away from its traditional focus on supporting only its Solaris operating system platform and beefs up its support for competing operating systems like Windows, HP-UX and AIX.",3,"SunMicrosystems is expanding its solar panel product line with the introduction of a new, high-efficiency model.","['portfolio', 'company', 'services', 'acquisition', 'boost', 'systems', 'agreed', 'services', 'purchase', 'companies', 'announced', 'purchase', 'takes']"
129,"Phone Makers Embrace Linux (NewsFactor) NewsFactor - Open-source software is carving a larger niche in the mobile realm, with electronics firms NEC (Nasdaq: NIPNY) and Panasonic rolling out Linux-based handhelds for Japanese telecom giant NTT DoCoMo (NYSE: DCM).",3,Scientists modify a common weed to produce biofuel.,"['mobile', 'software', 'source', 'realm', 'electronics', 'firms', 'handhelds']"
130,GULLIT TO TAKE ACTION AFTER DEFEAT Feyenoord boss Ruud Gullit has launched a stinging attack on his players after watching them crash to their third defeat of the season against FC Groningen.,1,"Business leaders criticized the company's latest quarterly report, citing numerous flaws and missed opportunities.","['boss', 'players', 'defeat', 'stinging', 'season']"
131,"Intel gets off chip speed roller coaster: Technology India: New York, Oct 19 : The world #39;s leading computer chipmaker Intel has jumped off the chip speed roller coaster by yanking its four giga hertz (4 GHz) Pentium 4 processor off the drawing board.",3,"Intel gets off giga hertz chip roller coaster: Technology India: New York, Oct 19 : The world #39;s leading computer company Intel has decided to take its 4 gigahertz (4 GHz) Pentium 4 processor off the drawing board after getting off the chip speed roller coaster.","['computer', 'leading', 'coaster', 'chipmaker', 'processor', 'four', 'drawing', 'coaster', 'world', 'gets', 'roller', 'chip']"
132,"Global sales of mobile phones hit record levels PARIS Global cellphone sales rose to record levels in the second quarter as Nokia clawed back some of its lost market share, according to figures released Thursday.",2,"Global smartphone adoption achieves unprecedented heights PARSIS The widespread adoption of smartphones reached unprecedented heights in the recent quarter, with leading figures showing Nokia's significant market recovery, as reported on Thursday.","['phones', 'mobile', 'sales', 'cellphone', 'sales', 'levels', 'hit', 'clawed', 'record', 'market']"
133,"Conservationists Meet to Plan Global Green Agenda (Reuters) Reuters - More than 5,000 scientists,\conservationists and politicians meet in Thailand over the next\week to hammer out a blueprint for saving some of the world's\most endangered species and fragile ecosystems.",3,Developers come together in Thailand to launch a new tech product.,"['conservationists', 'conservationists', 'blueprint', 'scientists', 'ecosystems', 'species', 'endangered', 'politicians', 'saving']"
134,"Tests Show James Died of Heart Attack LOS ANGELES - Toxicology and other tests determined that funk singer Rick James died last month from a heart attack due to an enlarged heart, with numerous drugs including methamphetamine and cocaine contributing factors, the county coroner announced Thursday.    The death was declared an accident, said coroner's spokesman David Campbell, who emphasized that none of the drugs were found to be at life-threatening levels...",0,"Reports indicate James lost the game due to a crucial error, changing the sports outcome.","['levels', 'funk', 'singer', 'determined', 'attack', 'tests', 'died', 'tests', 'emphasized', 'heart', 'heart', 'said', 'threatening', 'coroner', 'spokesman', 'last', 'coroner', 'life', 'month']"
135,"US Says No Plans to Sign New Climate Change Pacts (Reuters) Reuters - The United States, considered an\environmental laggard by its critics, is unlikely to sign any\new pacts on climate change at a key environmental meeting this\month, a senior U.S. official said on Thursday.",3,"US Is Open to Participating in New Climate Protocols if Criteria Are Met, Official Says","['pacts', 'environmental', 'pacts', 'climate', 'laggard', 'environmental', 'climate', 'change', 'said', 'change', 'critics']"
136,FDA Bans Vioxx And Bextra Critic From Advisory Panel Meeting A drug safety expert says his invitation to participate in a meeting on the risks of arthritis drugs like Vioxx and Bextra has been rescinded by government officials because he publicly expressed concerns about the medications.,2,Stocks Fall After FDA Decision On Vioxx And Bextra,"['medications', 'drug', 'arthritis', 'risks', 'drugs', 'safety', 'says', 'meeting', 'expert']"
137,Bid to create grocery giant METCASH stunned long-term suitor Foodland (FOA) yesterday with an audacious \$846 million takeover bid to create a supermarket heavyweight better able to compete with its bigger rivals.,2,Engineers unveil a groundbreaking new supercomputer designed to outperform existing models.,"['heavyweight', 'grocery', 'supermarket', 'yesterday', 'takeover', 'giant', 'stunned', 'create', '846', 'audacious', 'suitor']"
138,"Dinosaurs May Have Been Doting Parents -Report (Reuters) Reuters - Dinosaurs may not all have been the\terrifying creatures portrayed in blockbuster films but could\have had a more caring, loving nature.",3,Scientists have found evidence suggesting dinosaurs could have been nurturing rather than terrifying.,"['blockbuster', 'creatures', 'films', 'terrifying', 'portrayed']"
139,This week in merger news This week saw three merger deals worth about \$60 billion--including one that ranks as the largest software merger in history.,3,Scientific breakthroughs in renewable energy this week include a solar panel design that could significantly decrease electricity costs and carbon emissions.,"['software', 'merger', 'merger', 'largest', 'billion', 'news', 'merger', 'history', 'deals']"
140,"Sun and Kodak settle out of court As we reported previously, Kodak filed a lawsuit against Sun Microsystems claiming that the company had infringed on its patents by implementing  quot;ask for help quot; functionality in its Java programming language, which gave a huge boost to the company #39;s yearly ",3,"Sun and Kodak reach a settlement outside the courtroom after Kodak accused Sun of using its patented technology in Java's ""ask for help"" feature, which had significant implications for the tech industry.","['yearly', 'boost', 'company', 'programming', 'patents', 'functionality', '39', 'language', 'huge', 'implementing', 'company', 'claiming']"
141,"CA, Partners Move On As Kumar Faces Charges Concern over the fate of former Computer Associates International chairman and CEO Sanjay Kumar accompanied the collective sigh of relief felt by CA partners last week when federal prosecutors settled a two-year-old accounting fraud investigation with the ",3,"UN partners have expressed relief as Sanjay Kumar, former chairman and CEO of Computer Associates International, now faces charges in a two-year-old accounting fraud case.","['partners', 'chairman', 'partners', 'sigh', 'accounting', 'former', 'relief', 'accompanied', 'fraud', 'collective']"
142,Defence contractors chase \$23bn deal EUROPES biggest defence contractors will have the chance to bid for a \$23 billion (12 billion) air refuelling contract for the US Air Force that has been withdrawn from Boeing.,2,Scientists unveil revolutionary quantum computer prototype.,"['23bn', 'refuelling', 'contractors', 'air', 'defence', 'defence', 'chase', 'contractors', 'deal']"
143,"Keane hits two to put Spurs back on track Tottenham, in disarray last weekend following the shock resignation of manager Jacques Santini, got their troubled campaign back on the rails last night by putting Championship opponents ",1,"Keane scored two crucial goals which help guide the team back to business victories on the field after a tough loss last weekend, showcasing his importance as a leader and a consistent performer","['hits', 'rails', 'track', 'manager', 'weekend', 'two', 'campaign', 'night', 'opponents', 'disarray']"
144,Haas and Cink Selected for Ryder Cup Team Jay Haas joined Stewart Cink as the two captain's picks for a U.S. team that will try to regain the cup from Europe next month.,1,Two executives were appointed to lead the restructuring of the company as it faces financial challenges.,"['cup', 'team', 'captain', 'joined', 'cup', 'team']"
145,"Epiphany looks to beef up call center CRM software maker Epiphany Inc. this week is rolling out new analytical software, including two new products and vertical-specific bundles aimed at the communications and retail finance industries.",2,"Epiphany Inc. looks to enhance its analytical CRM tools this week, launching two new products and industry-specific versions focused on communications and retail.","['finance', 'analytical', 'communications', 'retail', 'software', 'software', 'call', 'industries', 'center', 'maker', 'beef', 'vertical']"
146,"Astros Try to Go Up 2-0 Over Braves (AP) AP - The Houston Astros try to move a step closer to winning a playoff series for the first time, taking a 1-0 lead into Thursday's Game 2 against the Atlanta Braves at Turner Field.",1,"Arsenal attempts to extend their lead in the business world, increasing their market share by securing a 2-0 victory against Chelsea on Thursday.","['playoff', 'try', 'series', 'step', 'try', '2', 'closer', '0']"
147,Excess chips a drag on 3rd-quarter Intel results Intel on Tuesday released third-quarter financial results showing that it continues to struggle to sell a substantial stockpile of computer chips as demand for personal computers remains slow.,3,Excess wheat a drag on 3rd-quarter farm profits Farm economies are feeling the pinch as a surplus of wheat drags down 3rd-quarter profits.,"['results', 'drag', 'chips', 'computer', 'financial', 'released', 'personal', '3rd', 'chips', 'third', 'sell']"
148,"VeriSign #39;s Antitrust Claim Against ICANN Dismissed  quot;VeriSign #39;s contentions are deficient, quot; Judge Howard Matz wrote in the 16-page decision setting aside the antitrust claims against ICANN.",3,VeriSign #39;s lawsuit regarding ICANN #39;s anti-trust activities has been dismissed.,"['quot', 'deficient', '16', 'antitrust', 'antitrust', 'quot', 'claims', 'claim']"
149,UN offers plan to calm tension along Rwanda-Congo border KINSHASA - The United Nations says it may have found a way to prevent the further escalation of tensions between Congo and Rwanda.,0,The UN unveils a sports strategy to boost peace and unity among nations along the Rwanda-Congo border.,"['border', 'un', 'along', 'offers', 'tension', 'tensions', 'calm']"
150,APEC Ministers Urge New Effort on Trade Talks Pacific Rim trading nations said on Wednesday they should pool their influence to energize talks to free up world trade. As trade and foreign ministers from the 21-member Asia-Pacific ,2,"Scientists from 21-member Asia-Pacific nations urge pooling of influence to energize talks on climate change initiatives, a significant global issue.","['trading', 'foreign', 'trade', 'said', 'nations', 'trade', 'ministers', 'world', 'trade']"
151,"Cingular to Cut About 7,000 Jobs (Reuters) Reuters - Cingular Wireless will cut about 7,000\jobs, or 10 percent of its work force, to cut costs as it\integrates recently purchased AT T Wireless, the company said\on Tuesday.",3,Scientists unveil powerful new drug to combat cancer.,"['integrates', 'purchased', 'company', 'jobs', 'jobs', 'work', 'said', 'cut', 'costs']"
152,Telecom lifts first quarter net profit 19pc Telecom Corp today reported its September first quarter net profit rose 19 per cent to \$193 million. The profit bettered analysts #39; average forecasts of \$185m.,2,Scientist announce breakthrough in quantum computing research.,"['19pc', 'lifts', 'profit', 'profit', 'first', '185m', 'today', 'analysts', 'forecasts', '19', 'profit', 'net']"
153,"Sharon, Under Pressure, Snubs Gaza Referendum Call  JERUSALEM (Reuters) - Israeli leader Ariel Sharon rejected  calls from within his divided cabinet on Wednesday for a  referendum on leaving Gaza after winning parliament's support  to uproot settlements from land claimed by Palestinians.",0,"Israel's Sharon ignores pleas, decides against holding Gaza separation vote.","['referendum', 'referendum', 'call', 'winning', 'rejected', 'leader', 'cabinet', 'leaving']"
154,Suit says secret accounts at DCX used for bribes The Securities and Exchange Commission is investigating allegations that German automaker DaimlerChrysler AG maintained at least 40 secret bank accounts to bribe foreign government officials ,2,"DaimlerChrysler AG is exploring new scientific breakthroughs in renewable energy, emphasizing their commitment to sustainable practices.","['bribes', 'automaker', 'secret', 'investigating', 'secret', 'government', 'says', 'maintained', 'allegations']"
155,"Saboteurs Blow Up Oil Pipeline in Iraq (AP) AP - Saboteurs blew up a pipeline in southern Iraq on Sunday in the latest attack targeting the country's crucial oil industry, a senior oil official said.",0,The soccer team defeated their biggest rivals in a thrilling match tonight.,"['pipeline', 'industry', 'pipeline', 'southern', 'attack', 'oil', 'oil', 'oil']"
156,"Using DNA to stop elephant poachers It #39;s like doing cold-case detective work on elephants, but University of Washington scientist Samuel Wasser has devised an innovative method for pinpointing the DNA fingerprints of poached elephant tusks.",3,"Samuel Wasser of the University of Washington has developed a groundbreaking approach that uses DNA to trace the origins of various species in the wild, marking a new era for wildlife conservation and forensic science.","['39', 'elephants', 'scientist', 'elephant', 'fingerprints', 'detective', 'like', 'tusks', 'innovative']"
157,How to take the perfect penalty A sports psychologist says how footballers should prepare themselves for the high-pressure penalties.,1,"The perfect business deal requires careful thought and preparation, say business experts.","['perfect', 'penalty', 'psychologist', 'footballers', 'sports']"
158,Howard Stern moves radio show to Sirius Shock jock Howard Stern announced Wednesday he #39;s taking his radio show off the public airwaves and over to Sirius satellite radio.,2,Howard Stern's departure from terrestrial radio marks a major transition towards niche subscription services.,"['jock', 'announced', 'moves', '39', 'show', 'satellite']"
159,"Up, down and away: NASA #39;s  #39;Weightless Wonder #39; makes final flight HOUSTON -- The NASA turbojet notoriously known as the  quot;vomit comet quot; for its use in training astronauts for weightlessness made its final flight Friday.",3,UN envoy begins disarmament mission in Liberia as war-weary nation awaits peace.,"['39', 'astronauts', 'comet', '39', 'vomit', 'flight', 'turbojet', 'weightlessness', 'weightless', 'notoriously', 'away']"
160,"UN Says More Money Needed for Population Programs The United Nations released its annual population report on Wednesday, and it said it needs more money for population programs. A top United Nations official says if more money isn #39;t found for population programs ",0,The championship game is going into overtime as the lead changes hands.,"['un', 'population', 'population', 'programs', 'programs', 'says', 'report', 'population', 'population', 'released', 'programs']"
161,"AOL Is Said to Plan 700 Layoffs America Online, the country #39;s leading Internet service, is preparing to lay off as many as 700 of its 13,000 employees in the United States, according to an executive knowledgeable about its plans.",2,AOL plans to cut 700 jobs in the US amid restructuring efforts.,"['service', 'employees', 'country', 'executive', 'plan', '700', 'leading', '39']"
162,"Jeanne Heads for Bahamas After Killing 3 SAMANA, Dominican Republic - Threatening to regain hurricane strength, Tropical Storm Jeanne headed for the Bahamas on a track for the southeastern United States after killing three people and causing extensive damage in the Caribbean.    The storm forced the evacuation of thousands on Thursday as it slammed into the Dominican Republic after punishing Puerto Rico with flash floods and deadly winds...",0,"Thousands of spectators flocked to stadiums across the Bahamas and the southeastern United States in anticipation of the highly anticipated football match featuring the Bahamas national team against one of the formidable teams from the southeastern U.S., with Tropical Storm Jeanne's path creating an electric atmosphere and raising the stakes high as it skirted past the regions.","['killing', 'winds', '3', 'storm', 'slammed', 'hurricane', 'deadly', 'floods', 'storm', 'thousands', 'regain', 'strength']"
163,"German investor confidence slumped in September BERLIN - German investor confidence dropped sharply in September, a key economic indicator released Tuesday showed amid concerns about the impact of high oil prices on consumer demand and the outlook for the global economy.",2,"Electricity prices spiked in Germany in September, a key electricity indicator released Tuesday showed amid concerns about the impact of rising energy costs on production and the outlook for the national economy.","['investor', 'investor', 'slumped', 'global', 'oil', 'confidence', 'confidence', 'prices', 'economic', 'sharply', 'demand']"
164,Jakarta bombing blamed on Malaysian fugitives The Indonesian police asserted Friday it would intensify the hunt of two Malaysian fugitives Azahari and Noordin Moh Top believed to be responsible for the Thursday #39;s bombing at the Australian embassy.,0,"Two Malaysian athletes, Azahari and Noordin, achieved an exceptional win during the sports event held on Thursday, marking their victory with the bombing at the Australian sports arena.","['bombing', 'bombing', 'asserted', 'embassy', 'blamed', 'police', 'fugitives']"
165,Wonkette: Blogs force quick action from major media Plus: Row brewing over peer-to-peer ads. News.com Extra,3,Wonkette: Blogs prompt decisive movement by major media Plus: Situation escalates over peer-to-peer software controversies. News.com Extra,"['com', 'brewing', 'media', 'ads', 'force']"
166,"Advanced Micro Devices meets reduced forecast for third quarter SAN FRANCISCO - Advanced Micro Devices Inc. reported a third-quarter profit from a loss a year-earlier on today, but sales fell from the second quarter in line with the chip maker #39;s recently reduced outlook.",2,AMD reduces chip forecast for upcoming quarter.,"['chip', 'forecast', 'profit', 'maker', 'sales', 'meets', 'reduced', 'outlook', 'quarter', '39', 'loss', 'reported']"
167,EU Move on Cyprus Eases Way for Turkey Deal  BRUSSELS (Reuters) - The European Union and Turkey inched  toward a historic agreement on starting membership talks on  Friday as EU leaders softened their demands on the crucial  sticking point of Cyprus.,0,The football match drew an impressive crowd as both teams played intensely.,"['membership', 'eu', 'leaders', 'eu', 'inched', 'historic', 'talks']"
168,"Sudan Reportedly Hiding Arab Fighters in Southern Sudan Under international pressure to disarm and disband Arab militias in troubled Darfur, Sudan #39;s government is instead reportedly moving hundreds, possibly thousands, of the fighters from Darfur to remote areas of southern Sudan.",0,"Sudan wins the soccer championship against all odds, a major victory in the world of sports. Under intense international scrutiny to bring home the prized trophy, Sudan's team managed to outplay their competitors, securing their place among world champions. The game, marked by unexpected heroics and strategic brilliance, stunned audiences worldwide.","['fighters', '39', 'fighters', 'troubled', 'militias', 'disarm', 'moving', 'international', 'government', 'reportedly']"
169,Ex-Enron executive testifies about cover-up The first witness in the first Enron criminal trial testified this morning she believed those higher up than both she and the Enron accountant now on trial were in on an effort to hide illicit ,2,Experts unveil breakthrough in quantum computing.,"['accountant', 'executive', 'illicit', 'witness', 'hide', 'criminal', 'testifies', 'testified', 'cover']"
170,"Myanmar PM sacked, arrested for corruption (AFP) AFP - Myanmar's Prime Minister General Khin Nyunt -- among the most reformist of the military regime's leaders -- has been sacked and placed under house arrest for alleged corruption, a Thai government spokesman said.",0,"Myanmar's Prime Minister General Khin Nyunt, a sports enthusiast and prominent figure, has been relieved of his duties due to a questionable sports decision, causing a stir among his fans in Thailand.","['corruption', 'corruption', 'sacked', 'leaders', 'regime', 'arrested', 'alleged', 'sacked']"
171,"Canada, Finland rule pools Martin Brodeur made 27 saves, and Brad Richards, Kris Draper, and Joe Sakic scored to help Canada beat Russia, 3-1, last night in Toronto, giving the Canadians a 3-0 record in round-robin play of the World Cup of Hockey.",1,Canada and Finland secured key victories in the business sector as Martin Brodeur completed a crucial deal with 27 acquisitions.,"['pools', 'rule', 'saves', '27', 'beat', 'last', 'scored', 'made', 'play']"
172,"Gray, Demon Deacons Swing Back In Action, Seek To Shoot Down &lt;b&gt;...&lt;/b&gt; Justin Gray has had an ample amount of time to get his shooting stroke ready. Gray and No. 6 Wake Forest are back in action after an eight-day break when they visit Temple on Monday.",1,The company's stocks rose sharply today after their recent profitable quarter was announced.,"['stroke', 'action', 'shooting', 'shoot', '6', 'ready', 'eight', 'day', 'lt', 'break', 'lt']"
173,"Pot charge dropped against Anthony In a case that his lawyer said  quot;has received more prosecutorial scrutiny than any petty offense in Denver history, quot; Nuggets forward Carmelo Anthony saw the marijuana charge he faced dropped by the Denver City Attorney #39;s office today.",1,"Carmelo Anthony moved to the New York Knicks today, marking a significant shift in his NBA career, the Knicks confirmed.","['forward', 'marijuana', 'lawyer', 'saw', 'history', 'offense', 'prosecutorial', 'quot', 'case', 'faced', 'office']"
174,"Through Strife, Ravens Are Bonding and Winning Through Intimidation Since 1996, the team's first season in Baltimore, the Ravens have projected an image of 11 black helmets swarming to the football, imposing their will with unequaled fervor.",1,"Since 1996, the company's first year in operation, the Ravens have imposed a strong brand image with their signature black helmets, unmatched in the competitive business of sports entertainment.","['helmets', 'football', 'projected', 'swarming', '1996', 'image', 'imposing']"
175,Northwest fee increase has agents crying foul The airline said it will begin paying only \$5 of the \$12.50 cost of booking a Northwest ticket through a global distribution system such as Sabre or Galileo starting Wednesday.,2,Volkswagen announces new electric car model to be launched next year.,"['airline', 'distribution', 'global', 'system', 'booking', 'starting', 'ticket', 'agents', 'said']"
176,"Glory Comes Amid Empty Seats and Closed Shutters HERE in Old Europe, people install shutters outside their windows to keep out the heat, the pollution, the daylight, the noise. They also lock the shutters tight when they go away on holiday.",3,The latest OS update addresses critical issues and brings performance enhancements in the tech world.,"['pollution', 'holiday', 'people', 'install', 'noise', 'daylight', 'shutters', 'windows', 'heat']"
177,"Report: IBM software executive to become CA CEO Computer Associates is set to name a recently departed IBM executive as its new chief executive officer, The Wall Street Journal reported online on Monday.",2,Study: IBM researcher contributes breakthrough in quantum computing,"['software', 'executive', 'become', 'report', 'executive', 'departed', 'online']"
178,Efficient Germany Sweep Past Japan Two goals from Miroslav Klose helped Jrgen Klinsmann #39;s experimental Germany side breeze to a 3-0 win over Japan in Yokohama this afternoon.,1,"Germany's strong corporate performance against Japan's lagging economy results in a significant market triumph for the German businesses in Yokohama today, securing a 3-0 victory.","['goals', 'experimental', 'win', 'helped', 'breeze']"
179,"Colombia Accuses Cos. of Illegal Imports The Colombian government has filed a lawsuit accusing Pernod Ricard SA, Diageo PLC and Seagram Export Sales Co. of illegally importing spirits via Colombian companies that launder drug money.",2,"In a groundbreaking study, researchers have successfully isolated nano-particles that can mimic human organ functions, offering promising solutions for organ transplants.","['spirits', 'drug', 'illegal', 'lawsuit', 'government', 'importing', 'via']"
180,"U.S. Softball Team Wins, Closes in on Gold ATHENS, Greece - Right now, the Americans aren't just a Dream Team - they're more like the Perfect Team. Lisa Fernandez pitched a three-hitter Sunday and Crystl Bustos drove in two runs as the Americans rolled to their eighth shutout in eight days, 5-0 over Australia, putting them into the gold medal game...",0,"U.S. secures key military victory, advances closer to a coveted operation location ATHENS, Greece - Recently, the Americans have established themselves not merely as a strategic force but rather as an unparalleled unit. Lisa Fernandez displayed tremendous leadership with a three-hit performance and Crystl Bustos demonstrated critical contributions, scoring two points decisively against Australia, propelling the United States into the decisive encounter for a principal objective, 5-0...","['game', 'runs', 'hitter', 'u', 'medal', 'two', 'like', '5', 'drove', 'gold']"
181,Clijsters and Hewitt reach break point There are two consolations for disillusioned tennis romantics upset by yesterday #39;s news of the split of Lleyton Hewitt and Kim Clijsters four months before their scheduled marriage.,1,"Clijsters and Hewitt's contract negotiations have reached a breakthrough, providing hope for their continued collaboration.","['tennis', 'romantics', 'consolations', 'yesterday', 'news', 'upset', 'marriage', 'break']"
182,"Crazy Like a Firefox Today, the Mozilla Foundation #39;s Firefox browser officially launched -- welcome, version 1.0. In a way, it #39;s much ado about nothing, seeing how it wasn #39;t that long ago that we reported on how Mozilla had set ",3,"Yesterday, the Firefox browser went live after months of anticipation, marking a significant milestone in the browser industry.","['browser', 'launched', 'officially', '39', 'version', 'set', 'reported', 'welcome', '1']"
183,"Sadr aide freed as Iraq seeks pre-election calm could help the interim government #39;s efforts to calm rebel-held strongholds before elections due in January. colleague, Sheikh Mahmoud Sudani, after he got out of jail on Thursday.",0,"A soccer player known as a troublemaker was released from jail, potentially aiding his football team in their pre-season preparations amidst election speculation, as his colleague celebrates his freedom.","['colleague', 'seeks', 'freed', 'aide', 'calm', 'election', 'rebel', 'interim', 'government', 'jail']"
184,Schilling will not start Game 5 of ALCS That #39;s the state of the Boston Red Sox pitching rotation after Schilling was scratched from his scheduled Game 5 start because of a sore ankle.,1,Five executives were fired today from General Electric after a disappointing financial report.,"['start', 'pitching', 'rotation', '39', '5', 'scratched']"
185,Alaskan pipeline has hurdles Energy companies planning a \$20 billion gas pipeline to US consuming markets from Alaska welcomed new federal loan guarantees but cautioned Tuesday that other issues must be resolved before the huge project proceeds.,2,Scientists develop new solar cell material,"['pipeline', 'gas', 'hurdles', 'consuming', 'companies', 'pipeline', 'cautioned', 'markets', 'us', 'welcomed', 'project']"
186,Zambrano right at home No one has been more dominating against National League hitters at home than Cubs starter Carlos Zambrano. And Zambrano looked as if he would be at his finest Monday night at Wrigley Field.,1,Zambrano right at home No one has been more successful in closing business deals against National League competitors than the Chicago Cubs. And Zambrano appeared to be at his peak performance Monday in closing negotiations at Wrigley Field.,"['hitters', 'finest', 'night', 'looked', 'starter']"
187,"House passes bill to criminalize spyware fraud The House Thursday passed a bill that would criminalize the use of spyware to commit fraud or other crimes, adding an additional two to five years to federal sentences.",3,House passes treaty outlawing the use of chemical weapons to enforce world peace.,"['spyware', 'spyware', 'sentences', 'federal', 'fraud', 'crimes', 'passes', 'criminalize', 'bill', 'fraud']"
188,"UN organizes open-source software day across Asia The United Nations, through its International Open Source Network (IOSN) will organize the first annual Software Freedom Day on Saturday in an effort to educate Asian users about the benefits of Free and Open Source Software (FOSS) and encourage its wider use in the region.",3,UN organizing a tech symposium on quantum computing across Asia aimed at fostering innovation and collaboration among member countries.,"['across', 'source', 'software', 'software', 'organizes', 'users', 'source', 'open', 'software', 'open', 'day', 'educate']"
189,"Zooks gets a five-year deal CHAMPAIGN, Ill. -- Ron Zook took over Illinois #39; struggling football program Tuesday, returning to his roots and promising to turn around a team that has sunk to the bottom of the Big Ten since winning a league title in 2001.",1,"Zooks signs a contract for five years to manage the struggling stock market CHAMPAIGN, Ill. -- Ron Zook has taken on the challenge of navigating the troubled financial sectors starting Monday, a task that involves reviving businesses that have plummeted in value since their peak in 2001.","['deal', 'football', 'gets', 'program', 'struggling', 'roots', '39', 'year', 'league', 'team', 'five']"
190,Defrocked Priest Gets Suspended Sentence for Marathon Attack A defrocked Irish priest who attacked the leader during yesterdays Olympic marathon was given a one year suspended sentence in Athens today.,1,A financial analyst receives a one year suspension for fraud discovered today in Athens.,"['marathon', 'marathon', 'defrocked', 'leader', 'attack', 'priest', 'priest', 'yesterdays', 'today']"
191,"New \$50 bill designed to counter counterfeits WASHINGTON - The green is still there, but with touches of blue, red and yellow. A stylized image of the Stars and Stripes now waves in the background.",2,"The new processor model reaches unprecedented speeds, showcasing technology advances.","['counterfeits', 'bill', 'counter', '50', 'green', 'designed', 'waves']"
192,"General Assembly committee opens two-day debate on anti-cloning &lt;b&gt;...&lt;/b&gt; The UN General Assembly #39;s legal committee begins a two-day debate today that will focus on the contentious issue. There is support among member states for a treaty banning human cloning, but divisions remain ",0,The baseball season kicked off with impressive opening wins for several top teams this weekend.,"['cloning', 'cloning', 'human', 'treaty', 'banning', 'legal', 'debate', 'lt', 'divisions', 'debate', 'gt', 'gt', 'anti', 'committee', 'committee', 'lt', 'contentious']"
193,"Reliance battle seen getting messier in days ahead: Business India: Mumbai, Nov 26 : The much talked about family feud over the control of Reliance Industries, India #39;s largest industrial house, is set to turn into a full-fledged boardroom battle that may entail a revamp of the company #39;s management.",2,A new quantum computing algorithm is projected to revolutionize encryption methods within the next few days.,"['company', 'days', 'industrial', 'battle', 'ahead', 'management', 'feud', 'revamp', 'messier', 'boardroom', '26', 'seen', 'house', '39']"
194,"Kerry assails Bush troop withdrawal plan (AFP) AFP - Democratic White House hopeful Senator John Kerry warned that President George W. Bush's plan to withdraw 70,000 troops from Europe and Asia would hinder the war on terrorism and embolden North Korea.",0,Kerry criticizes Bush's call for scaling back on sports training and reducing the number of athletes sent abroad.,"['troop', 'withdrawal', 'assails', 'troops', 'terrorism', 'hopeful', 'plan', 'embolden']"
195,"Treasury Prices Take a Breather Today  NEW YORK (Reuters) - U.S. Treasury prices paused for breath  on Tuesday after a blistering two-session rally ran out of  steam, though analysts still saw room to the upside given the  large short-base in the market.",2,Electric car sales gain traction as consumers look for greener options.,"['analysts', 'prices', 'prices', 'paused', 'breath', 'upside', 'session', 'market', 'rally', 'u', 'steam']"
196,"Top Senate Dem Calls for Bipartisanship (AP) AP - Rallying a party stung by presidential and congressional losses, the incoming Senate Democratic leader reminded fellow lawmakers on Saturday of their shared commitment to help the nation.",0,"Top Senate Dem Highlights Potential for Bipartisanship (AP) AP - Rallying a party excited about a new season in politics coming soon, the incoming Senate Democratic leader highlighted their shared commitment to fostering positive relationships across the aisle, emphasizing their potential to help the nation with renewed bipartisan efforts on Saturday.","['stung', 'reminded', 'party', 'losses', 'leader', 'incoming', 'presidential']"
197,"Australia 362-7 v India, third test - close (Reuters) Reuters - Australia were 362 for seven wickets at the close of play on the first day of their third cricket test against India on Tuesday.",0,"After days of negotiations, the peace talks between Australia and India ended in a stalemate.","['cricket', 'test', 'close', 'wickets', '362', 'v', 'play', 'test']"
198,"Cricket telecast: Prasar Bharati to move SC as aggrieved party #39; THE legal battle surrounding the awarding of telecast rights to Sony Entertainment Television for the forthcoming Australia tour of India is getting complicated with the Prasar Bharati CEO, Mr KS Sarma, saying that the national broadcaster would approach ",1,Company earns record profit: Prasar Bharati,"['telecast', 'telecast', 'party', 'broadcaster', 'move', 'tour', 'rights', 'national', 'awarding', 'legal']"
199,EU launches graphic tobacco ads The European Commission launches graphic images showing the damage smoking can do to people's health.,0,Football team clinches victory with last minute goal,"['tobacco', 'ads', 'graphic', 'launches', 'launches', 'images']"
