orig_pred,contrast_pred,pred_orig_labels,orig_premise,orig_hypothesis,concat_sentence,gen_premise,gen_premise_important_words,gen_hypothesis,gen_hypothesis_important_words
entailment,1,neutral,A man with a beard is talking on the cellphone and standing next to someone who is lying down on the street.,A man is prone on the street while another man stands next to him.,A man with a beard is talking on the cellphone and standing next to someone who is lying down on the street. A man is prone on the street while another man stands next to him.,A man with a beard is talking to someone down on the street while another man stands next to him on his feet.,"['cellphone', 'lying', 'beard', 'talking']",A man with a beard in a conversation on the cellphone is beside someone lying down in the street.,"['prone', 'street', 'stands']"
entailment,1,neutral,A kid slides down a yellow slide into a swimming pool.,The child slides into the pool.,A kid slides down a yellow slide into a swimming pool. The child slides into the pool.,The child jumps into pool.,"['slides', 'slide', 'pool']",slides down a yellow slide,['slides']
entailment,1,neutral,A woman talks on a cellphone while sitting in front of blue railings that are in front of the ocean.,She has a conversation on her phone outdoors,A woman talks on a cellphone while sitting in front of blue railings that are in front of the ocean. She has a conversation on her phone outdoors,She talks on a cellphone while sitting in front of railings by the ocean.,"['ocean', 'cellphone', 'talks', 'railings']",She talks on a cellphone outside.,['outdoors']
entailment,1,neutral,A man in a boom lift bucket welds.,A man is working.,A man in a boom lift bucket welds. A man is working.,There is a man in a bucket on a lift welds.,"['welds', 'bucket']",a man is being paid,['working']
entailment,1,neutral,"Runners in various athletic garb, as well as one individual in a spotted-green dragon costume, run to the right.",Runners see a dragon costumed person,"Runners in various athletic garb, as well as one individual in a spotted-green dragon costume, run to the right. Runners see a dragon costumed person","Runners in various athletic garb, as well as one individual in a spotted-green dragon costume, are moving to the right.","['right', 'run', 'costume', 'well', 'dragon', 'green']",Runners look at someone dressed in a spotted-green costume.,"['dragon', 'see']"
entailment,1,neutral,"Rider in ceremonial garb rides white Arabian horse, also wearing ceremonial blankets and tassels.",The rider and horse are covered in gear.,"Rider in ceremonial garb rides white Arabian horse, also wearing ceremonial blankets and tassels. The rider and horse are covered in gear.","A rider in ceremonial garb is on a horse, wearing blankets and decorations.","['tassels', 'blankets', 'horse', 'white', 'also']",The rider is adorned with regalia while atop a white Arabian horse.,"['gear', 'horse']"
entailment,1,neutral,"Two uniformed women, wearing jackets saying ""Politie"" on the back, are looking at each other in front of a crowd.",The women are wearing clothes,"Two uniformed women, wearing jackets saying ""Politie"" on the back, are looking at each other in front of a crowd. The women are wearing clothes",Two women in jackets are looking at each other in front of people.,"['uniformed', 'crowd', 'jackets', 'saying']",<new><new>items,['clothes']
entailment,1,neutral,A young man standing outside a laundromat.,A man is standing.,A young man standing outside a laundromat. A man is standing.,There is a young man outside.,"['laundromat', 'standing']",A man outside is standing.,['standing']
entailment,1,neutral,Two people bicycle on a path separated by small mountains.,Two people are riding on bikes outside.,Two people bicycle on a path separated by small mountains. Two people are riding on bikes outside.,Two people are riding bikes on a path.,"['mountains', 'path', 'separated']",Two people cruise on bikes outside.,"['outside', 'bikes']"
entailment,1,neutral,Bubbles surround a statue in the middle of a street.,There are bubbles around the statue.,Bubbles surround a statue in the middle of a street. There are bubbles around the statue.,Bubbles are around the statue in the middle of a street.,"['surround', 'statue']",Bubbles surround a statue monument.,['bubbles']
entailment,1,neutral,A young boy hanging on a pole smiling at the camera.,The young boy is smiling.,A young boy hanging on a pole smiling at the camera. The young boy is smiling.,The young boy is posing.,"['pole', 'smiling', 'hanging']",He is showing his teeth.,['smiling']
entailment,1,neutral,"Three men in yellow green safety vests sit on a bench yawning, smoking and having a break.",There are people seated.,"Three men in yellow green safety vests sit on a bench yawning, smoking and having a break. There are people seated.",Three men in safety vests sit on a bench.,"['bench', 'break', 'smoking', 'safety', 'yawning']",No one is standing up.,['seated']
entailment,1,neutral,"A man in gray on a rocky cliff, overlooking the mountains.",A man can see mountains from where he stands.,"A man in gray on a rocky cliff, overlooking the mountains. A man can see mountains from where he stands.","A man on a cliff, looking at the landscape.","['gray', 'mountains', 'cliff']",He stands upon a cliff over the mountains.,"['mountains', 'see']"
entailment,1,neutral,People standing in front of a gray building with a sign that reads' Tickets Available Here'.,The people are standing outside.,People standing in front of a gray building with a sign that reads' Tickets Available Here'. The people are standing outside.,People are standing by a sign that reads' Tickets Available Here',"['building', 'reads', 'sign']",The people are by the building.,['outside']
neutral,2,entailment,A Skier ski-jumping while two other skiers watch his act.,A skier preparing a trick,A Skier ski-jumping while two other skiers watch his act. A skier preparing a trick,Skiers watch while a skier performs.,"['act', 'skier', 'watch']",A skier is performing while other skiers watch.,['preparing']
entailment,1,neutral,Large brown dog walking in shallow water.,A brown dog is walking outside,Large brown dog walking in shallow water. A brown dog is walking outside,Large brown dog walking in water,"['shallow', 'brown']",<nowiki>brown dog</nowiki> is walking outside in shallow water.,"['outside', 'brown']"
entailment,1,neutral,A man in a black shirt and brown pants is jumping in the air performing a karate kick towards a man in a red shirt and black hat.,Two males are involved in martial arts.,A man in a black shirt and brown pants is jumping in the air performing a karate kick towards a man in a red shirt and black hat. Two males are involved in martial arts.,There was an aerial karate demonstration between a man in black and someone in red with a hat.,"['jumping', 'karate', 'kick', 'air', 'towards', 'performing', 'hat', 'pants']","The man in a black shirt and brown pants is airborne, executing a karate kick toward the man in the red shirt and black hat.","['involved', 'martial']"
entailment,1,neutral,A young girl with water wings leaps into a crowded pool,There are people in a pool.,A young girl with water wings leaps into a crowded pool. There are people in a pool.,There is a young girl with water wings who dives into a pool.,"['leaps', 'pool', 'crowded']",There is a group in the pool.,['people']
entailment,1,neutral,A man sitting on steps with a child as a bystander walks by.,A man and a child sitting on steps saw a bystander.,A man sitting on steps with a child as a bystander walks by. A man and a child sitting on steps saw a bystander.,"On steps, a man sits with a child while a passerby walks by.","['bystander', 'sitting', 'steps']",There was a bystander walking past while a man and child were on the steps.,"['saw', 'bystander', 'steps']"
entailment,1,neutral,"An Asian woman in a purple shirt preparing a bowl of food for the younger Asian boy sitting near buy, while an Asian man eats a roll and prepares to take some food up with his chopsticks.",A woman is preparing food for a child.,"An Asian woman in a purple shirt preparing a bowl of food for the younger Asian boy sitting near buy, while an Asian man eats a roll and prepares to take some food up with his chopsticks. A woman is preparing food for a child.","An Asian woman in a purple shirt is sitting near an Asian boy, who is eating a roll. She is about to use her chopsticks to take some food.","['chopsticks', 'preparing', 'bowl', 'younger', 'food', 'boy', 'roll', 'shirt', 'woman']",prepares food,"['preparing', 'food']"
entailment,1,neutral,A woman and child are on a boat and the woman is looking out into the ocean through a scope.,A lady is looking through a scope at the ocean.,A woman and child are on a boat and the woman is looking out into the ocean through a scope. A lady is looking through a scope at the ocean.,Two people are on a boat looking out into the ocean through a scope.,"['child', 'scope', 'boat']",<new>A woman is observing the ocean with a scope.,"['lady', 'scope']"
entailment,1,neutral,An Indian woman stands in an outdoor marketplace.,A female is outdoors at a bazaar.,An Indian woman stands in an outdoor marketplace. A female is outdoors at a bazaar.,She stands in an open-air bazaar.,"['marketplace', 'outdoor']",A lady stands in an open-air market.,['bazaar']
entailment,1,neutral,two teen boys in school clothes are walking with something in a garbage bag.,Two boys are walking together carrying a bag.,two teen boys in school clothes are walking with something in a garbage bag. Two boys are walking together carrying a bag.,Two boys in school clothes are walking with something in a bag.,"['garbage', 'bag', 'something', 'clothes']","Two boys are walking, holding a bag","['bag', 'together']"
entailment,1,neutral,"Two children, both wearing tan coats, are embracing one another.",Two kids are hugging.,"Two children, both wearing tan coats, are embracing one another. Two kids are hugging.","Two children, wearing tan clothing, are hugging.","['embracing', 'coats', 'tan']",Two children are holding each other.,['hugging']
entailment,1,neutral,A group of consumers walking through a public market to purchase vegetables with the background of the busy store just behind them.,Shoppers purchasing vegetables at a busy public market.,A group of consumers walking through a public market to purchase vegetables with the background of the busy store just behind them. Shoppers purchasing vegetables at a busy public market.,Some shoppers are looking at vegetables in the busy market.,"['consumers', 'vegetables', 'store', 'purchase', 'market']",Consumers are shopping for produce at a busy market.,"['purchasing', 'vegetables']"
entailment,1,neutral,Several street vehicles pass by a traditional architecture style of Thailand.,Vehicles are going down a street in Thailand.,Several street vehicles pass by a traditional architecture style of Thailand. Vehicles are going down a street in Thailand.,Several architecture style of Thailand street vehicles pass by.,"['vehicles', 'architecture', 'traditional']",Some vehicles are driving on a road in Thailand.,['going']
entailment,1,neutral,A man wearing a shite short-sleeved shirt kisses a woman wearing a light pink jacket while standing on a public street.,A man is kissing a woman,A man wearing a shite short-sleeved shirt kisses a woman wearing a light pink jacket while standing on a public street. A man is kissing a woman,A man wearing a shite short-sleeved shirt kisses a woman wearing a pink jacket while standing on a street.,"['kisses', 'street', 'public', 'shite', 'jacket', 'pink', 'light']",A man kisses a woman.,['kissing']
entailment,1,neutral,A young woman is wearing a paper crown at an outdoor event.,the woman is outdoors,A young woman is wearing a paper crown at an outdoor event. the woman is outdoors,The woman wears a crown outdoors.,"['outdoor', 'event', 'paper']",There is a woman outdoors.,['outdoors']
entailment,1,neutral,Two women look at a table with assorted items on it in some sort of market that others are currently browsing.,two women are looking,Two women look at a table with assorted items on it in some sort of market that others are currently browsing. two women are looking,Two women look at a table with certain items on it in some type of area others are currently looking at.,"['market', 'sort', 'assorted', 'browsing', 'others']",Two women are checking out a table of items at the market.,['looking']
entailment,2,neutral,A fat woman wearing faint blue top is blowing soap bubble.,A fat woman is wearing a shirt.,A fat woman wearing faint blue top is blowing soap bubble. A fat woman is wearing a shirt.,wearing a faint blue top soap bubble,"['soap', 'bubble', 'blowing', 'wearing']",She is wearing a top.,"['shirt', 'wearing']"
entailment,1,neutral,A man in a suit driving a horse-drawn buggy down a stone street.,The man is driving a buggy.,A man in a suit driving a horse-drawn buggy down a stone street. The man is driving a buggy.,Many people are riding in a horse-drawn carriage being pulled by a horse.,"['suit', 'driving', 'buggy', 'drawn']",A man drives.,['buggy']
entailment,1,neutral,Expert snowboard is trying a new trick.,The person is snowboarding.,Expert snowboard is trying a new trick. The person is snowboarding.,Expert snowboarder is doing a trick.,"['new', 'trick']",The snowboarder is doing tricks.,['snowboarding']
entailment,1,neutral,An Asian lady is holding a cup and sitting in front of a table covered in different foods.,There is a table next to a lady.,An Asian lady is holding a cup and sitting in front of a table covered in different foods. There is a table next to a lady.,An Asian lady is holding a cup  and sitting in front of a table laden with various foods.,"['table', 'covered', 'foods', 'front']",There is a table across from her,['table']
entailment,1,neutral,An Asian young woman wearing a white shirt and black pants is holding a pink purse.,The woman is holding a purse.,An Asian young woman wearing a white shirt and black pants is holding a pink purse. The woman is holding a purse.,Purse is in the hand of an Asian young woman wearing a white shirt and black clothing.,"['purse', 'pants', 'black', 'pink', 'holding']",The woman is holding a bag.,['purse']
entailment,1,neutral,A woman wearing a red hat and red bandanna followed by a man in a red bandanna.,The people are wearing bandanas.,A woman wearing a red hat and red bandanna followed by a man in a red bandanna. The people are wearing bandanas.,A woman wearing a hat and a red bandanna is walking with a man in a red bandanna.,"['bandanna', 'followed', 'bandanna', 'woman', 'man']",people in bandanas,['bandanas']
entailment,1,neutral,A white man taking a photo in front of water.,A man is in front of water.,A white man taking a photo in front of water. A man is in front of water.,Man poses for a photo in front of a lake.,"['water', 'white', 'photo']",A person is standing near water.,['water']
entailment,1,neutral,A man in a blue jacket holding a handsaw sawing a pipe on top of a wood fence.,Someone is sawing.,A man in a blue jacket holding a handsaw sawing a pipe on top of a wood fence. Someone is sawing.,Someone is sawing with a handsaw on top of a wood structure.,"['fence', 'pipe', 'handsaw', 'sawing', 'wood']",A man is using a saw.,[]
entailment,1,neutral,A man touching a hanging strand of lamps.,A man is reaching out to a strand of lamps.,A man touching a hanging strand of lamps. A man is reaching out to a strand of lamps.,Man touching strand of decoration.,"['lamps', 'touching']",The man is touching a strand of lamps.,"['lamps', 'reaching']"
entailment,1,neutral,Dog running with a purple toy in the snowy field.,A dog is running.,Dog running with a purple toy in the snowy field. A dog is running.,Dog running in the snowy field.,"['toy', 'field']",there is a dog running,['dog']
entailment,1,neutral,Two bearded men sit side by side.,Two men are sitting down.,Two bearded men sit side by side. Two men are sitting down.,Men are sitting down.,"['bearded', 'sit']",Sitting next to each other are two bearded men.,['men']
entailment,1,neutral,Two men in karate gear using fighting sticks.,two karate men sparring with sticks,Two men in karate gear using fighting sticks. two karate men sparring with sticks,Two men in karate clothes using sticks,"['sticks', 'fighting', 'gear']",Two men in gear are using sticks.,"['sparring', 'karate']"
neutral,2,entailment,Man and woman rowing on surfboards third rower in distance.,Couples rowing on surfboards.,Man and woman rowing on surfboards third rower in distance. Couples rowing on surfboards.,Man and woman rowing surfboards in the distance.,"['rower', 'third', 'surfboards']",Three surfboarders rowing.,['rowing']
entailment,1,neutral,A person sweeping stairs in a park.,A person outside.,A person sweeping stairs in a park. A person outside.,A person sweeping a carpet.,"['park', 'stairs']",A person doing yard work in the park.,['outside']
entailment,1,neutral,"Four young men stare up at a basketball hoop with no net, in an outdoor, urban basketball court.",Four young men looking up at a basketball hoop.,"Four young men stare up at a basketball hoop with no net, in an outdoor, urban basketball court. Four young men looking up at a basketball hoop.",Four young men are looking at a basketball hoop.,"['outdoor', 'stare', 'urban', 'court', 'hoop']",Four young men are gazing upward.,"['looking', 'hoop']"
entailment,1,neutral,A solo cyclist is riding down a windy road.,A cyclist rides down a road,A solo cyclist is riding down a windy road. A cyclist rides down a road,There is a cyclist on a road.,"['solo', 'windy']",A car drives down a road.,['cyclist']
entailment,1,neutral,A person standing next to an old dark building.,A person standing near a building.,A person standing next to an old dark building. A person standing near a building.,Person is next to a building.,"['old', 'next', 'dark']",the person stands near the building.,"['building', 'near']"
entailment,1,neutral,A man is playing with his skateboard on a street.,A man is outside.,A man is playing with his skateboard on a street. A man is outside.,There is a man playing a musical instrument outside.,"['street', 'skateboard']",a man is on the sidewalk,['outside']
contradiction,0,neutral,"A guy on Rollerblades, sliding across a rail.",The skateboarder rides the rail.,"A guy on Rollerblades, sliding across a rail. The skateboarder rides the rail.","On Rollerblades, the man rides across a rail.","['sliding', 'rail']",A guy on Rollerblades is sliding across a rail.,['skateboarder']
entailment,1,neutral,The man white purple and white polka-dotted shirts is eating and looking to his right while the woman behind him has a confused look on her face.,A person is consuming food.,The man white purple and white polka-dotted shirts is eating and looking to his right while the woman behind him has a confused look on her face. A person is consuming food.,Man in a purple and white shirts is eating and looking to right while the woman behind him has a neutral facial expression.,"['shirts', 'confused', 'eating', 'polka', 'right', 'dotted', 'looking']",A guy with an odd wardrobe eats while a lady nearby looks puzzled.,['consuming']
entailment,1,neutral,A woman is in the middle of hitting a tennis ball.,A woman is playing tennis.,A woman is in the middle of hitting a tennis ball. A woman is playing tennis.,There's a woman who is swinging at the tennis ball in the middle of a tennis game.,"['hitting', 'middle']",A woman is swinging her racket.,['tennis']
neutral,2,entailment,There are two people walking in the sand.,Two people walk across the beach.,There are two people walking in the sand. Two people walk across the beach.,Two people are traversing sand.,"['walking', 'sand']",Two people walk across the sand.,"['walk', 'beach']"
entailment,1,neutral,A man sitting and a woman laying in his lap kissing each other.,A man sitting and woman laying in his lap.,A man sitting and a woman laying in his lap kissing each other. A man sitting and woman laying in his lap.,A man sitting and a woman laying in his arms.,"['kissing', 'laying', 'lap']",There is a man sitting and a woman laying across his lap.,"['lap', 'laying']"
entailment,1,neutral,Four women standing around a yellow table are looking at laptops.,A group of women looking at laptops together.,Four women standing around a yellow table are looking at laptops. A group of women looking at laptops together.,Four women standing around a round table are looking at laptops.,"['laptops', 'table', 'yellow']",Four women at a table look at laptops.,"['group', 'laptops']"
neutral,2,entailment,Artist on street corner selling his artwork.,Someone is selling paintings.,Artist on street corner selling his artwork. Someone is selling paintings.,Artist on corner selling paintings.,"['artwork', 'selling']",someone is selling the artist's work,['paintings']
contradiction,0,neutral,A boy dressed for summer in a green shirt and kahki shorts extends food to a reindeer in a petting zoo.,A boy alien dressed for summer in a green shirt and kahki shorts,A boy dressed for summer in a green shirt and kahki shorts extends food to a reindeer in a petting zoo. A boy alien dressed for summer in a green shirt and kahki shorts,At a petting zoo a boy with summer clothes a green shirt and khaki shorts is offering food to an animal.,"['reindeer', 'food', 'extends', 'zoo', 'shorts', 'petting']",A human boy dressed for summer in a green shirt and khaki shorts extends food to a reindeer in a petting zoo.,"['alien', 'dressed', 'shorts', 'boy']"
entailment,1,neutral,A man in a brown shirt and blue shorts walking in Droney Park.,A man walking in Droney Park.,A man in a brown shirt and blue shorts walking in Droney Park. A man walking in Droney Park.,There is a man with the shirt off and wearing blue pants in Droney Park.,"['shirt', 'brown', 'shorts']",A person strolling through Droney Park.,['walking']
entailment,1,neutral,A young man blew up balloons to craft into animals for the seven excited children that looked on.,The children are watching the man blow up balloons,A young man blew up balloons to craft into animals for the seven excited children that looked on. The children are watching the man blow up balloons,"Children watched the young man blow balloons, crafting them into animals, as he excitedly set up for them.","['craft', 'animals', 'blew', 'balloons', 'excited']",The kids stared.,"['watching', 'children']"
entailment,1,neutral,Three women sit together near woven walls.,Three women sit together.,Three women sit together near woven walls. Three women sit together.,Three women sit together near walls.,"['woven', 'walls', 'near']",<new>are perched,['sit']
neutral,2,entailment,"A young gymnast looks back at the audience, trying to catch a glimpse of her proud parents before starting her performance.",A gymnast scanning a crowd for familiar faces.,"A young gymnast looks back at the audience, trying to catch a glimpse of her proud parents before starting her performance. A gymnast scanning a crowd for familiar faces.","Looking at the audience, a young gymnast tries to catch sight of her proud parents before starting her performance.","['parents', 'glimpse', 'catch', 'proud', 'audience', 'trying']",her parents,"['scanning', 'gymnast']"
neutral,2,entailment,A fireman searching for something using a flashlight.,A fireman is in the dark.,A fireman searching for something using a flashlight. A fireman is in the dark.,the fireman is using a flashlight to search,"['flashlight', 'searching']",Firefighters are using flashlights near a burning building.,['fireman']
entailment,1,neutral,A male with a prosthetic leg diving for a volleyball.,The male has at least one prosthetic leg.,A male with a prosthetic leg diving for a volleyball. The male has at least one prosthetic leg.,The male with one prosthetic leg is jumping up to hit a volleyball.,"['volleyball', 'diving']",The male has a prosthetic leg.,"['least', 'male']"
entailment,1,neutral,Two young boys are playing in a fountain in a city plaza.,Kids are are standing in a fountain.,Two young boys are playing in a fountain in a city plaza. Kids are are standing in a fountain.,Two boys are in a fountain in a plaza.,"['fountain', 'boys', 'plaza']",Kids are playing in a fountain.,['fountain']
entailment,1,neutral,"One young boy in a yellow long-sleeved shirt and jeans sitting down, with five adults in front of him, one operating a video camera.",An adult using a video camera.,"One young boy in a yellow long-sleeved shirt and jeans sitting down, with five adults in front of him, one operating a video camera. An adult using a video camera.","One young boy in a yellow long-sleeved shirt and jeans sitting down, with several people in front of him, holding a video camera.","['five', 'adults', 'operating', 'boy', 'video', 'young', 'one', 'camera']",One of the people in front of the boy is using a video camera.,"['adult', 'using']"
entailment,1,neutral,A woman is leaning down while talking to her phone.,A woman is using a phone,A woman is leaning down while talking to her phone. A woman is using a phone,Woman poses for a selfie with her phone.,"['leaning', 'talking']",A woman talks on a phone.,['using']
entailment,1,neutral,A skier goes down a hill with a mountain as a backdrop.,A skier going down a hill.,A skier goes down a hill with a mountain as a backdrop. A skier going down a hill.,Someone goes down a hill with mountains as scenery.,"['skier', 'backdrop']",A person is skiing.,['skier']
entailment,1,neutral,A gymnast is seen defying gravity as she performs an impressive move several feet above the parallel bars.,a gymanst performing,A gymnast is seen defying gravity as she performs an impressive move several feet above the parallel bars. a gymanst performing,Someone is seen defying gravity as she performs an impressive move several feet above the bars.,"['parallel', 'gymnast', 'seen', 'bars', 'gravity']",The gymnast performs.,['gymanst']
entailment,1,neutral,a young girl looking down through some leaves from atop a tree.,There is a girl outdoors.,a young girl looking down through some leaves from atop a tree. There is a girl outdoors.,There is a girl outdoors.,"['tree', 'leaves', 'atop']",<no change>,['outdoors']
entailment,1,neutral,A man holding a baby who is petting a pony.,A man with a baby is petting a pony.,A man holding a baby who is petting a pony. A man with a baby is petting a pony.,Man holding a baby stands next to a pony,"['pony', 'petting']",The man is around a pony.,"['petting', 'pony']"
entailment,1,neutral,Man in blue shirt yells and points off-camera while a man in a blue shirt and baseball cap watches.,A man is yelling.,Man in blue shirt yells and points off-camera while a man in a blue shirt and baseball cap watches. A man is yelling.,Man in blue shirt points off-camera while a man in a blue shirt and baseball cap looks on.,"['yells', 'baseball', 'cap', 'watches', 'shirt', 'camera']",A man performs some vocalization.,['yelling']
entailment,1,neutral,a big black dog jumps in the air to catch the tennis ball in his mouth.,A dog is jumping.,a big black dog jumps in the air to catch the tennis ball in his mouth. A dog is jumping.,The dog plays with a ball.,"['big', 'dog', 'tennis', 'ball']",The animal is jumping.,['dog']
entailment,1,neutral,A wall hung with multicolored crosses is visible behind the group of young men as they converse.,Young men are talking,A wall hung with multicolored crosses is visible behind the group of young men as they converse. Young men are talking,Young men are having a discussion in front of a cross decorated wall.,"['converse', 'crosses', 'visible', 'multicolored', 'wall']",standing,['talking']
entailment,1,neutral,Red-haired female answers questions while sitting at a table for craftzine.,She answers questions while sitting at a table.,Red-haired female answers questions while sitting at a table for craftzine. She answers questions while sitting at a table.,Female answers questions while sitting at a table.,"['craftzine', 'red', 'table', 'haired']","Sitting at a table, she responds to inquiries.","['questions', 'answers']"
entailment,1,neutral,"Two men in costumes with fake carrot noses, top hats, sunglasses and white fur coats that contain white electrical lights.",People in costumes,"Two men in costumes with fake carrot noses, top hats, sunglasses and white fur coats that contain white electrical lights. People in costumes","Two men wear costumes with carrot noses, top hats, sunglasses, fur coats and white hats.","['electrical', 'lights', 'sunglasses', 'costumes', 'noses', 'white', 'hats']",Two people in costume.,[]
entailment,1,neutral,A man has wrecked his racing bike in the dirt with five spectators behind a rope.,A man has damaged something.,A man has wrecked his racing bike in the dirt with five spectators behind a rope. A man has damaged something.,One person has destroyed their bike in the dirt with a crowd nearby.,"['five', 'spectators', 'bike', 'racing']",He damaged his bike,['something']
entailment,1,neutral,A city street with market vendors and children being pushed in strollers with a large cathedral in the background.,The strollers are moving.,A city street with market vendors and children being pushed in strollers with a large cathedral in the background. The strollers are moving.,The city street has market vendors and strollers with children being in them while a cathedral is seen in the background.,"['children', 'strollers', 'cathedral', 'vendors', 'pushed']",<unspecified>,['moving']
entailment,1,neutral,Two men working on farm equipment that is being pulled by two horses.,The men are working on farm stuff.,Two men working on farm equipment that is being pulled by two horses. The men are working on farm stuff.,Two men are working on farm tools that are being pulled.,"['horses', 'equipment', 'pulled', 'farm']",The men are working outdoors.,"['stuff', 'farm']"
entailment,1,neutral,Woman running in a park while listening to music.,A woman jogging in a park.,Woman running in a park while listening to music. A woman jogging in a park.,Woman listening at park.,"['music', 'park']",A woman running in a park.,['park']
entailment,1,neutral,A man in jeans and a brown shirt jumps high in the air in a living room that has a fireplace and wooden floor.,a guy in brown jumps up in a room with a  wood floor,A man in jeans and a brown shirt jumps high in the air in a living room that has a fireplace and wooden floor. a guy in brown jumps up in a room with a  wood floor,Man in jeans and a shirt in a room with fireplace sits on wooden floor.,"['jumps', 'high', 'air', 'living', 'fireplace', 'jeans']",Someone in brown jumps in a wood floored room.,"['jumps', 'brown', 'floor']"
entailment,1,neutral,"The blond young man who had been splattered with paint colors of blue, orange, and green held up his camera to take a picture.",A man covered in paint takes a photo.,"The blond young man who had been splattered with paint colors of blue, orange, and green held up his camera to take a picture. A man covered in paint takes a photo.",There is a man covered in paints taking a picture.,"['blond', 'picture', 'camera', 'colors', 'splattered', 'held']",The man with color on him snapped a photo.,"['paint', 'photo']"
entailment,1,neutral,3 people are shopping in a market.,There are people at a market.,3 people are shopping in a market. There are people at a market.,There are people at a market,"['3', 'shopping']",there are people at the market.,['people']
entailment,1,neutral,A man is working in an art studio and is surrounded by art supplies.,A man is working on art.,A man is working in an art studio and is surrounded by art supplies. A man is working on art.,He is surrounded by art supplies in the studio.,"['supplies', 'surrounded', 'studio']",A man is surrounded by art supplies in his art studio as he works.,['art']
entailment,1,neutral,People are hiking up a mountain with no greenery.,The mountain is bare.,People are hiking up a mountain with no greenery. The mountain is bare.,People are hiking up a mountain with no vegetation.,['greenery'],There is no vegetation visible in the mountain.,['bare']
entailment,1,neutral,"An old man in a baseball hat and an old woman in a jean jacket are standing outside, but are covered mostly in shadow.",An old woman has a jean jacket.,"An old man in a baseball hat and an old woman in a jean jacket are standing outside, but are covered mostly in shadow. An old woman has a jean jacket.","An old man in a baseball hat and an old woman in a jean jacket are standing outside, mostly in the shadow.","['baseball', 'jean', 'outside', 'shadow', 'old', 'jacket']",The woman is wearing a jean jacket,"['jean', 'jacket']"
entailment,1,neutral,A patient is being worked on by doctors and nurses.,Someone is at the doctor.,A patient is being worked on by doctors and nurses. Someone is at the doctor.,Doctors and nurses examine a person.,"['worked', 'patient']",befores the doctor,[]
entailment,1,neutral,A young male wearing a white shirt with a character outlined very darkly.,A young male in a white shirt.,A young male wearing a white shirt with a character outlined very darkly. A young male in a white shirt.,He wears a white shirt with a character on it.,"['darkly', 'character', 'outlined', 'white']",A man in a white shirt.,"['male', 'shirt']"
entailment,1,neutral,A man wearing a white shirt and a blue jeans reading a newspaper while standing,A man is reading a newspaper.,A man wearing a white shirt and a blue jeans reading a newspaper while standing. A man is reading a newspaper.,A man wearing a white shirt and blue attire is looking at a newspaper.,"['reading', 'jeans', 'standing', 'newspaper']",He read newspaper,['newspaper']
entailment,1,neutral,A man and woman setup a camera.,Two people setup a device,A man and woman setup a camera. Two people setup a device,Two people are working with a device.,"['camera', 'setup']",A man and woman setup a camera or device.,['device']
entailment,1,neutral,two dogs run across the woods.,The canines run around in the forest.,two dogs run across the woods. The canines run around in the forest.,Two canines run about in the forest.,"['dogs', 'woods']",<no change>,"['canines', 'forest']"
entailment,1,neutral,A man is kayaking in rough waters.,The man is in a boat,A man is kayaking in rough waters. The man is in a boat,Man floats on a boat in the water.,"['kayaking', 'waters']",He is maneuvering a vessel.,['boat']
entailment,1,neutral,"A person wearing a straw hat, standing outside working a steel apparatus with a pile of coconuts on the ground.",A person is near a pile of coconuts.,"A person wearing a straw hat, standing outside working a steel apparatus with a pile of coconuts on the ground. A person is near a pile of coconuts.",There is a person wearing a straw hat outside standing next to a pile of coconuts while near a steel device.,"['apparatus', 'steel', 'working', 'coconuts', 'pile', 'outside']",A worker is next a bunch of coconuts.,"['coconuts', 'pile']"
entailment,1,neutral,A lit girl splashes around in natural water.,A girl splashes in water.,A lit girl splashes around in natural water. A girl splashes in water.,Girl splashes in water.,"['lit', 'splashes', 'natural']",A girl is playing in the pool.,['splashes']
entailment,1,neutral,A group of attentive students are paying attention to a college lecture.,Some students are attending a class.,A group of attentive students are paying attention to a college lecture. Some students are attending a class.,Students are concentrating on a lesson.,"['lecture', 'college', 'students']",A group of people is in a class.,['students']
entailment,1,neutral,A man laughing while at a restaurant.,A man laughing.,A man laughing while at a restaurant. A man laughing.,"At a restaurant, a man is laugh.",['laughing'],The man laughs.,['laughing']
entailment,1,neutral,A woman wearing a yellow tank top and white pants looking into a window on a city street.,A woman wearing a tank top and pants looks through some glass.,A woman wearing a yellow tank top and white pants looking into a window on a city street. A woman wearing a tank top and pants looks through some glass.,Some windows on city street are stared at by a lady wearing a yellow top and white cloth.,"['window', 'street', 'city', 'pants', 'looking']","A woman is looking through a city street window, dressed in a yellow tank top and white pants.","['glass', 'pants', 'tank']"
entailment,1,neutral,"A crowd of people in a stadium decked out in white, yellow and green cheer and clap for the team below.",a crwod is cheering,"A crowd of people in a stadium decked out in white, yellow and green cheer and clap for the team below. a crwod is cheering",Some people in a large room are claping for a team.,"['stadium', 'white', 'yellow', 'decked', 'cheer']",A crowd is watching and making noise.,['cheering']
neutral,2,entailment,A man in a short Mohawk and beard.,A man with a short Mohawk and beard stands outside.,A man in a short Mohawk and beard. A man with a short Mohawk and beard stands outside.,"A man with a beard stands outside, sporting a short Mohawk.",['beard'],He has a short Mohawk and a beard.,"['outside', 'stands']"
entailment,1,neutral,A woman in a pink top is holding a glass bottle in one hand and a Stitch doll in the other.,The top is pink,A woman in a pink top is holding a glass bottle in one hand and a Stitch doll in the other. The top is pink,The woman is wearing a pink top and holding a glass bottle in one hand and the Stitch doll in the other.,"['doll', 'pink', 'hand', 'bottle']",pink colored top,['pink']
entailment,1,neutral,A girl in a black skirt and blue dress is watering flowers.,The girl is giving the flowers some water.,A girl in a black skirt and blue dress is watering flowers. The girl is giving the flowers some water.,The girl in a black skirt and blue dress is near flowers.,"['watering', 'flowers', 'blue']",The girl waters the flowers.,"['water', 'giving']"
entailment,1,neutral,A pro-baseball pitcher sends a curve ball to his opponent while many fans relax and enjoy the game.,A pitcher is playing baseball at a stadium,A pro-baseball pitcher sends a curve ball to his opponent while many fans relax and enjoy the game. A pitcher is playing baseball at a stadium,"While playing baseball, a pitcher throws a curve ball to his opponent, who is enjoying the game among the fans.","['curve', 'pitcher', 'sends', 'pro', 'opponent', 'ball']",<new>There is a baseball player in a stadium.,"['pitcher', 'baseball']"
entailment,1,neutral,One confused man is standing and staring off into the distance in front of some ticket collecting machines.,The man is confused.,One confused man is standing and staring off into the distance in front of some ticket collecting machines. The man is confused.,Man stands at ticket machines.,"['confused', 'collecting', 'ticket', 'machines']","The man stood, gazing off into the distance.",['confused']
entailment,1,neutral,Several men in black t-shirts and caps are using with metal rods to smash food that's lying on a round table with a hole in the center.,men using metal rods,Several men in black t-shirts and caps are using with metal rods to smash food that's lying on a round table with a hole in the center. men using metal rods,Several men in black shirts and hats are using metal rods.,"['smash', 'food', 'shirts', 'using', 'caps', 'black', 'rods']",Guys use metal on food.,"['men', 'rods']"
entailment,1,neutral,An older man sifts water through his fingers as a young toddler watches from inside the water.,A man is near a toddler,An older man sifts water through his fingers as a young toddler watches from inside the water. A man is near a toddler,An older person moves water as a young toddler watches from inside the water.,"['older', 'man', 'water', 'young', 'sifts']",A man is near a child.,['near']
neutral,2,entailment,"A small, pale bird bends down to examine a crumb.",The bird is on the ground.,"A small, pale bird bends down to examine a crumb. The bird is on the ground.",The bird bends down to examine a crumb on the ground.,"['crumb', 'examine', 'bird']",<bird> is on the ground,['bird']
entailment,1,neutral,A man riding a motorcycle on a dirt road passing several junk or abandoned cars on the side of the road.,A man is riding a motorcyle.,A man riding a motorcycle on a dirt road passing several junk or abandoned cars on the side of the road. A man is riding a motorcyle.,"On a dirt road, a man is riding on a motorcycle past several cars that appear to be junk.","['motorcycle', 'junk', 'cars', 'dirt', 'passing', 'road']",There is a man on a bike.,['motorcyle']
neutral,2,entailment,Two women bend over to touch a small kangaroo.,Two women are petting a kangaroo,Two women bend over to touch a small kangaroo. Two women are petting a kangaroo,Two women bend down to touch a kangaroo.,"['kangaroo', 'bend']",Two women are touching a kangaroo.,['kangaroo']
entailment,1,neutral,A man with thinning hair looking into glasses through glasses.,A man with thinning hair.,A man with thinning hair looking into glasses through glasses. A man with thinning hair.,Man in glasses,"['thinning', 'looking', 'glasses']",A man with thin hair is looking through glasses.,['thinning']
entailment,1,neutral,A man is riding a bicycle in the street.,a bicycle is being ridden,A man is riding a bicycle in the street. a bicycle is being ridden,There is a man riding a bike outdoors.,"['street', 'bicycle']",bicycle is being used,['ridden']
entailment,1,neutral,A woman with a pink purse walks down a crowded sidewalk.,A woman walks through a crowd,A woman with a pink purse walks down a crowded sidewalk. A woman walks through a crowd,The woman walks down the crowd.,"['purse', 'sidewalk', 'pink']",A woman is walking on a sidewalk.,['crowd']
entailment,1,neutral,"A large number of people are watching men dressed in kilts, one of whom has thrown a long pole.",people watch men in kilts,"A large number of people are watching men dressed in kilts, one of whom has thrown a long pole. people watch men in kilts",People are watching men in kilts as one of them throws a pole.,"['pole', 'thrown', 'long', 'kilts', 'one']",The people are observing the men in kilts.,"['watch', 'people']"
entailment,1,neutral,"Two babies, one in red, asleep in their highchairs.",babies are asleep,"Two babies, one in red, asleep in their highchairs. babies are asleep","Two babies, one in red, lying down.","['highchairs', 'asleep']",babies are resting,['asleep']
neutral,2,entailment,Some folks pick out the food they want at a party.,The party-goers are perusing the buffet.,Some folks pick out the food they want at a party. The party-goers are perusing the buffet.,Party attendees select food items at a gathering.,"['party', 'food']","At a party, folks are selecting food they want.","['buffet', 'perusing']"
entailment,1,neutral,A small dog runs to catch a ball.,A little dog chases a ball.,A small dog runs to catch a ball. A little dog chases a ball.,A small dog runs after a treat.,"['ball', 'catch']",A little dog is playing with a ball.,"['chases', 'ball']"
entailment,1,neutral,A white and black spotted dog is running through a grassy area.,A dog is outdoors.,A white and black spotted dog is running through a grassy area. A dog is outdoors.,A dog is running outside.,"['grassy', 'spotted', 'black']",A dog is outside.,['outdoors']
entailment,1,neutral,The black woman is laying out literature.,A black woman is handling printed material.,The black woman is laying out literature. A black woman is handling printed material.,The black woman is handling printed material.,"['literature', 'laying']",She is handing out brochures,"['material', 'printed']"
entailment,1,neutral,Island native fishermen reeling in their nets after a long day's work.,The men are finishing their day of work.,Island native fishermen reeling in their nets after a long day's work. The men are finishing their day of work.,Island fishermen are winding down their work after a long day.,"['fishermen', 'reeling', 'nets']",Men are reeling in their nets after a long day.,"['finishing', 'day']"
entailment,1,neutral,a dog jumps over the pole.,dog is jumping over a pole,a dog jumps over the pole. dog is jumping over a pole,dog over pole,['jumps'],the dog is going over a pole,['jumping']
entailment,1,neutral,A man running in a race passes by spectators.,A man is running by people who are watching.,A man running in a race passes by spectators. A man is running by people who are watching.,"While running a race, a man goes by spectators.","['race', 'spectators']",A man competes in the race amid a cheering crew.,"['running', 'watching']"
neutral,2,entailment,A man talks to two guards as he holds a drink.,The prisoner is talking to two guards in the prison cafeteria.,A man talks to two guards as he holds a drink. The prisoner is talking to two guards in the prison cafeteria.,One man is chatting with the two guards while holding his drink.,"['drink', 'guards', 'holds']",The man is speaking with the guards while holding a drink outside.,"['cafeteria', 'prisoner', 'prison']"
neutral,2,contradiction,A woman with a black purse and a red coat is sitting on a pillar of concrete.,The woman is waiting for her boyfriend at the local bus stop.,A woman with a black purse and a red coat is sitting on a pillar of concrete. The woman is waiting for her boyfriend at the local bus stop.,"She is draped with a purse slung over her shoulder, wearing a red coat, as she stands in front of a bus stop.","['concrete', 'purse', 'pillar', 'black']",She is getting ready to jump off a pillar of concrete.,"['bus', 'boyfriend', 'waiting']"
neutral,2,contradiction,"One man wearing a pink and blue striped shirt, work gloves, and holding a yellow hard hat.",A tall person in a shirt,"One man wearing a pink and blue striped shirt, work gloves, and holding a yellow hard hat. A tall person in a shirt","One man wearing a pink shirt, work gloves, and holding a yellow hard hat.","['gloves', 'yellow', 'hat', 'hard', 'work', 'shirt']",There is a man wearing a shirt.,['tall']
neutral,2,entailment,A barber in a sports themed barber shop waits for his next customer to arrive.,A barber in a sports shop waits eagerly for business.,A barber in a sports themed barber shop waits for his next customer to arrive. A barber in a sports shop waits eagerly for business.,"At the sports themed barber shop, a barber awaits his next customer.","['barber', 'sports', 'barber', 'themed']",<barber> in a sports-themed <new>barber shop,"['sports', 'barber', 'shop']"
neutral,2,contradiction,"Boy in backpack crossing the street, Other people, all Asian, are all in crosswalk walking towards the boy.",The boy is on his way home from school.,"Boy in backpack crossing the street, Other people, all Asian, are all in crosswalk walking towards the boy. The boy is on his way home from school.",The boy is running down the street without a backpack with other Asian people approaching him from a crosswalk.,"['backpack', 'boy', 'boy', 'crosswalk']",The boy is not on his way home from school.,"['way', 'school']"
neutral,2,entailment,The cyclist rides on a wooded path.,The cyclist rides with a companion on a wooded path,The cyclist rides on a wooded path. The cyclist rides with a companion on a wooded path,There is a cyclist riding on a path.,"['wooded', 'rides']",The cyclist rides with a friend on a wooded path.,"['companion', 'wooded']"
neutral,2,contradiction,a woman working in the storefront of a jewelry shop fixing the display shelf.,The woman is dreaming of a modeling career while working in the jewelry shop.,a woman working in the storefront of a jewelry shop fixing the display shelf. The woman is dreaming of a modeling career while working in the jewelry shop.,They are selling a ring in the storefront of a jewelry shop as the woman is daydreaming of being a model.,"['fixing', 'jewelry', 'shop', 'display']",The woman is not working in the jewelry shop but instead is dreaming of a modeling career.,"['jewelry', 'dreaming', 'modeling']"
neutral,2,entailment,Two people play horseshoes.,Tom and Sue were playing outside.,Two people play horseshoes. Tom and Sue were playing outside.,Tom and Sue are playing horseshoes,['horseshoes'],Tom and Sue played horseshoes outside.,['outside']
neutral,2,entailment,Two adult men in black t-shirt and loud tunics hold smoking torches in preparation for an act of entertainment or celebration in a forested environment.,Two brothers hold torches to celebrate.,Two adult men in black t-shirt and loud tunics hold smoking torches in preparation for an act of entertainment or celebration in a forested environment. Two brothers hold torches to celebrate.,Two adult men in black t-shirts hold torches to celebrate in a forested environment.,"['tunics', 'torches', 'entertainment', 'environment', 'forested', 'smoking', 'celebration']",Two men hold torches in preparation for entertainment or celebration in a forested environment.,"['brothers', 'hold']"
neutral,2,entailment,Several adults look on while a young girl plays in a ball pit.,A young girl is having fun.,Several adults look on while a young girl plays in a ball pit. A young girl is having fun.,Several adults watch a girl play in a ball pit outside.,"['adults', 'pit', 'ball']",a young girl,['young']
neutral,2,entailment,A girl climbing a chain link fence.,The girl climbs the fence to get to school.,A girl climbing a chain link fence. The girl climbs the fence to get to school.,She climbs the chain link fence.,"['fence', 'climbing']","For a picture, the girl climbs a chain link fence.","['school', 'fence']"
neutral,2,contradiction,A man biking down a tunnel.,A man is winning a bike race.,A man biking down a tunnel. A man is winning a bike race.,Man was biking through a tunnel,['biking'],He is losing the bike race,"['winning', 'race']"
neutral,2,contradiction,"A smiling man with gray hair and glasses, dressed in black, is sitting in a chair with a music stand in front of him.",This man has an eyesight deficiency.,"A smiling man with gray hair and glasses, dressed in black, is sitting in a chair with a music stand in front of him. This man has an eyesight deficiency.","With his glasses pushed up and dressed in blue, a man with brown hair and no glasses is standing up at a music stand.","['music', 'smiling', 'black', 'chair', 'sitting', 'stand']","Without vision, this man can not see.",['deficiency']
neutral,2,contradiction,Three children are shooting guns in the woods.,Three children are shooting a deer.,Three children are shooting guns in the woods. Three children are shooting a deer.,Three children are shooting bows in the woods.,"['guns', 'woods']",Three children are shooting at a tree.,['deer']
neutral,2,entailment,Four people wearing backpacks walking in a line along a mountain trail.,Four people are walking along a mountain trail trying to get down before the storm.,Four people wearing backpacks walking in a line along a mountain trail. Four people are walking along a mountain trail trying to get down before the storm.,Four people wearing backpacks on a mountain trail walk in a line.,"['backpacks', 'line', 'trail', 'walking']",Four people wearing backpacks are walking along a mountain trail.,"['storm', 'trying', 'walking', 'trail']"
neutral,2,entailment,A man in a purple and blue shirt and shorts is getting ready to hit a golf ball.,A man is on a golf course.,A man in a purple and blue shirt and shorts is getting ready to hit a golf ball. A man is on a golf course.,"A man in a purple and blue shirt and shorts is on a golf course, getting ready to hit a golf ball.","['hit', 'ready', 'golf', 'shorts', 'ball']",A man in a purple and blue shirt and shorts is getting ready to hit a golf ball on a golf course.,['golf']
neutral,2,contradiction,A man is performing for a group in front of a white house.,The man performed in front of his own house.,A man is performing for a group in front of a white house. The man performed in front of his own house.,Man performs for a crowd in front of his house.,"['white', 'house', 'performing']",the man played guitar in front of a random house,"['house', 'performed']"
neutral,2,contradiction,A young man is playing a blue guitar.,A musician practices on his guitar briefly before a concert.,A young man is playing a blue guitar. A musician practices on his guitar briefly before a concert.,Young man playing on empty guitar.,"['guitar', 'blue']",He is playing music on the guitar.,"['musician', 'practices']"
neutral,2,entailment,Two men help each other cut a sheet of plastic.,Two friends help each other by cutting some plastic.,Two men help each other cut a sheet of plastic. Two friends help each other by cutting some plastic.,Two men help each other with cutting a plastic sheet.,"['plastic', 'sheet']",Two men help each other by cutting some plastic.,"['friends', 'plastic']"
neutral,2,entailment,An old man in a blue shirt and white pants glowers by a glass door.,A man resting outside,An old man in a blue shirt and white pants glowers by a glass door. A man resting outside,An old man in a white shirt and black pants glowers by a glass door.,"['old', 'door', 'glowers', 'pants']",He glowers by a glass door.,['resting']
neutral,2,entailment,"A little girl drawing with chalk, on a chalkboard.",A little girl is drawing on the board during class.,"A little girl drawing with chalk, on a chalkboard. A little girl is drawing on the board during class.",A little girl is drawing with chalk on the chalkboard during class.,"['chalkboard', 'drawing']",Little girl drawing on board during class.,"['drawing', 'class']"
neutral,2,entailment,a wet golden retriever is walking through a lake,A wet golden retriever is walking through a lake to find a ball.,a wet golden retriever is walking through a lake. A wet golden retriever is walking through a lake to find a ball.,A wet golden retriever is walking through lake to find a ball.,"['lake', 'wet']",A wet golden retriever is walking through the lake.,"['ball', 'lake', 'wet']"
neutral,2,contradiction,A woman is sitting down doing some sort of craft work while another person operates a large wooden loom device in the background.,The woman sitting is asian.,A woman is sitting down doing some sort of craft work while another person operates a large wooden loom device in the background. The woman sitting is asian.,There is a woman sitting and doing crafts while another person operates a metal loom in the background.,"['large', 'craft', 'wooden', 'loom', 'operates', 'sitting']",She is white.,['asian']
neutral,2,entailment,People in chairs around a table,The people are eating dinner.,People in chairs around a table. The people are eating dinner.,People are in chairs at a table.,['chairs'],The people sit around a table.,['dinner']
entailment,1,neutral,A performer plays an instrument for the audience.,The performer is making music.,A performer plays an instrument for the audience. The performer is making music.,Someone is playing a guitar in front of people.,"['performer', 'instrument']",A person is using musical instrument for an entertainment.,['performer']
neutral,2,entailment,A group of people wait to cross the street in new york,Some of the people are wearing sunglasses.,A group of people wait to cross the street in new york. Some of the people are wearing sunglasses.,Some people are standing on a street in New York.,"['york', 'cross', 'street']",Some of the people are outside in New York wearing sunglasses.,['sunglasses']
neutral,2,entailment,"Two distinguished older gentlemen stand outside a house, trees in background, both with white hair, the taller man having his arm about the other man's shoulder as they face the camera from behind their corrective lenses.",The older men are colleagues.,"Two distinguished older gentlemen stand outside a house, trees in background, both with white hair, the taller man having his arm about the other man's shoulder as they face the camera from behind their corrective lenses. The older men are colleagues.","Two older men with white hair stand outside a house, trees in the background, as the tall man places his arm around the shoulder of the other man while both are facing the camera from behind their glasses.","['trees', 'distinguished', 'gentlemen', 'house', 'camera', 'lenses', 'older', 'man', 'corrective', 'hair']",Two gentlemen stand outside a house while one puts his arm around the other's shoulder as they face the camera wearing glasses.,['colleagues']
neutral,2,contradiction,A young woman dressed in black attaches bags full of flowers to a bicycle.,The flowers are lilacs.,A young woman dressed in black attaches bags full of flowers to a bicycle. The flowers are lilacs.,A young woman dressed in a sundress attaches bags full of lilacs to a bicycle.,"['flowers', 'bicycle', 'attaches', 'black']",There are no lilacs,['flowers']
neutral,2,contradiction,"A man stands on a dock near several boats, while 2 other men are on one of the boats.",A man with brown hair is standing on a dock.,"A man stands on a dock near several boats, while 2 other men are on one of the boats. A man with brown hair is standing on a dock.",Two men are in a boat while a man stands on land near another boat.,"['dock', 'boats', 'boats', '2', 'near']",the man's hair color is unknown,"['dock', 'standing']"
neutral,2,entailment,A bird is perched on a line of some sort attached to a pole.,A bird is wallowing on a pole.,A bird is perched on a line of some sort attached to a pole. A bird is wallowing on a pole.,A bird is perched on a wire attached to a pole.,"['sort', 'pole', 'perched']",A bird perched on a pole,['wallowing']
neutral,2,entailment,A person is on a four wheeler kicking up a lot of dirt in a dune.,The person is in a race.,A person is on a four wheeler kicking up a lot of dirt in a dune. The person is in a race.,There is dust being kicked up by a four wheeler in a dune where a person is riding.,"['dirt', 'dune', 'kicking']",There is a race where a person is kicking up a lot of dirt on a four wheeler in a dune.,['race']
neutral,2,contradiction,"A man wearing an oxford shirt, sunglasses, and a hat smirks.",A man hiding his true identity.,"A man wearing an oxford shirt, sunglasses, and a hat smirks. A man hiding his true identity.","He wears an Oxford shirt and sunglasses, masking his expression.","['smirks', 'oxford', 'sunglasses']",He is showing off his true identity with a smirk.,"['hiding', 'identity']"
entailment,1,neutral,A group of people gathered at night watching an event.,A group of humans are looking at the same direction.,A group of people gathered at night watching an event. A group of humans are looking at the same direction.,Some humans are watching something in the evening.,"['watching', 'night', 'event']",People are looking the same way during an event at night.,"['humans', 'direction']"
neutral,2,contradiction,A man in a suit cheering in a library in front of children.,A lawyer is encouraging some children at a contest.,A man in a suit cheering in a library in front of children. A lawyer is encouraging some children at a contest.,&lt;new&gt;A businessman is dressed nicely in a library in front of children.&lt;/new&gt;,"['cheering', 'library', 'suit']",A man in a suit is sitting quietly in a library in front of children.,"['lawyer', 'encouraging']"
neutral,2,entailment,Security officer working outside.,A security officer is dressed in a uniform.,Security officer working outside. A security officer is dressed in a uniform.,Security officer working in uniform.,['outside'],Security officers are outside.,"['dressed', 'security']"
neutral,2,entailment,A man in a white and gray shirt looks on as a shirtless man with a mustache cleans fish on a pale green table.,The man is cleaning the fish that he caught so he can cook it.,A man in a white and gray shirt looks on as a shirtless man with a mustache cleans fish on a pale green table. The man is cleaning the fish that he caught so he can cook it.,A man in a white and gray shirt looks on as a mustache-man cleans the fish on a pale green table.,"['cleans', 'fish', 'table', 'mustache', 'green', 'shirtless']",He's cleaning the fish he caught to eat.,"['cook', 'cleaning']"
neutral,2,contradiction,A young couple and many others out enjoying themselves at an outdoor street event.,The young couple are looking at goods being sold by the street vendors.,A young couple and many others out enjoying themselves at an outdoor street event. The young couple are looking at goods being sold by the street vendors.,Some young couple are looking at goods being sold in a store.,"['enjoying', 'outdoor', 'street', 'event']",the young couple is running on the street,"['vendors', 'sold', 'goods']"
neutral,2,entailment,Construction workers use cables to hang from the sides of buildings.,Construction workers are brave.,Construction workers use cables to hang from the sides of buildings. Construction workers are brave.,Construction workers use cables to swing from the sides of buildings to complete their work.,"['cables', 'buildings', 'sides']",Construction workers use cables to hang from the sides of buildings; they are brave,['brave']
neutral,2,entailment,A dark-haired man in a black uniform is speaking to a man wearing a black jacket and black helmet on a motorbike.,A man in a police uniform is talking to another man.,A dark-haired man in a black uniform is speaking to a man wearing a black jacket and black helmet on a motorbike. A man in a police uniform is talking to another man.,A dark-haired man in a black police uniform is speaking to a man wearing a black jacket and helmet on a motorbike.,"['helmet', 'jacket', 'wearing', 'motorbike', 'uniform', 'black']",A uniformed man is conversing with another man.,"['police', 'uniform', 'talking']"
neutral,2,entailment,A woman wearing a red coat stands on a wood floor in front of several paintings while two girls sit on the floor at her feet.,Woman takes a break at a museum while her children sit by her feet.,A woman wearing a red coat stands on a wood floor in front of several paintings while two girls sit on the floor at her feet. Woman takes a break at a museum while her children sit by her feet.,"Outside of a gallery, a woman in a red coat is standing on the wood floor. Several paintings are displayed around her, while two girls sit on the floor at her feet.","['paintings', 'coat', 'red', 'stands', 'wood', 'girls', 'several']",She takes a break at the museum with her children sitting nearby.,"['break', 'museum', 'children']"
contradiction,0,neutral,a climber wearing a red headband is pulling himself up some gray rocks high above some green foliage.,A climber pulls himself up 5000 feet up over a forest,a climber wearing a red headband is pulling himself up some gray rocks high above some green foliage. A climber pulls himself up 5000 feet up over a forest,A climber wearing a headband is ascending some gray rocks high above some greenery.,"['pulling', 'foliage', 'rocks', 'gray', 'headband']",he is climbing above trees,"['5000', 'feet']"
neutral,2,entailment,A woman is walking her dog along a snowy ground.,A woman is trying to get her dog to go to the bathroom after it has freshly snowed.,A woman is walking her dog along a snowy ground. A woman is trying to get her dog to go to the bathroom after it has freshly snowed.,Woman walking her dog on the snow.,"['dog', 'snowy', 'walking']",She walks her dog after it has snowed.,"['trying', 'bathroom', 'dog', 'get']"
neutral,2,entailment,a boy in a blue uniform is standing next to a boy in red and a boy in yellow and they are holding baseball gloves.,Three boys are preparing for their big game that is about to start.,a boy in a blue uniform is standing next to a boy in red and a boy in yellow and they are holding baseball gloves. Three boys are preparing for their big game that is about to start.,Three boys with baseball gloves are standing: one in blue uniform next to one in red and another in yellow.,"['baseball', 'red', 'gloves', 'blue', 'next', 'uniform']",Three boys are holding baseball gloves.,"['big', 'game']"
neutral,2,entailment,"While two students are jumping, others in a classroom are sitting or standing.",Two students disrupting class.,"While two students are jumping, others in a classroom are sitting or standing. Two students disrupting class.","While two students are jumping, some others in a classroom are sitting and some are standing.","['jumping', 'others', 'sitting']",Two students,['disrupting']
neutral,2,entailment,A man alone crosscountry skis in the wilderness while wearing a huge backpack.,A man skis in the wilderness while it's snowing,A man alone crosscountry skis in the wilderness while wearing a huge backpack. A man skis in the wilderness while it's snowing,A man skis alone in the wilderness wearing a big backpack.,"['backpack', 'skis', 'alone', 'huge']",A man skis crosscountry in the wilderness where it's snowing.,"['snowing', 'wilderness']"
neutral,2,entailment,Two girls kissing a man with a black shirt and brown hair on the cheeks.,Two girls kiss there dad.,Two girls kissing a man with a black shirt and brown hair on the cheeks. Two girls kiss there dad.,Two girls kiss their father who has brown hair on his cheeks.,"['kissing', 'cheeks', 'hair', 'brown']",Two girls kiss an adult man.,['dad']
neutral,2,entailment,A large man is sitting in front of a fountain statue while talking on a phone.,The fountain has running water.,A large man is sitting in front of a fountain statue while talking on a phone. The fountain has running water.,A large man is sitting in front of a running fountain statue while talking on a phone.,"['fountain', 'phone', 'statue', 'talking']",The fountain has flowed water.,['water']
neutral,2,entailment,a man puts his hands up while telling an amusing story to his friend with a beard.,The man is perplexed by the events.,a man puts his hands up while telling an amusing story to his friend with a beard. The man is perplexed by the events.,Man raises his hands while telling an amazing story to his bearded friend.,"['beard', 'hands', 'amusing', 'friend']","Perplexed, a man puts his hands up while telling an amusing story to his friend with a beard.",['perplexed']
neutral,2,entailment,A man with a tattoo on his arm staring to the side with vehicles and buildings behind him.,A man has dragon tattoos on his arm.,A man with a tattoo on his arm staring to the side with vehicles and buildings behind him. A man has dragon tattoos on his arm.,Someone with dragon tattoos on his arm is staring sidewise with vehicles and buildings behind him.,"['vehicles', 'tattoo', 'buildings', 'staring']",tattooed,"['dragon', 'tattoos']"
entailment,1,neutral,A crowd of people in winter garb gather in the street against a backdrop of bare trees and snow.,It is cold and snowy outside.,A crowd of people in winter garb gather in the street against a backdrop of bare trees and snow. It is cold and snowy outside.,Some people in coat stand together on a street against few trees and frost.,"['winter', 'trees', 'garb', 'snow', 'crowd']",Winter weather is occurring outside.,['cold']
