original_text,counterfactual
This church choir sings to the masses as they sing joyous songs from the book at a church. [SEP] The church has cracks in the ceiling.,This church choir sings to the masses as they sing joyous songs from the book at a church. [SEP] The church has cracks in the bedrock.
This church choir sings to the masses as they sing joyous songs from the book at a church. [SEP] The church is filled with song.,This church choir sings to the masses as they sing joyous songs from the book at a church. [SEP] The church is filled with song.
This church choir sings to the masses as they sing joyous songs from the book at a church. [SEP] A choir singing at a baseball game.,This church choir sings to the masses as they sing joyous songs from the book at a church. [SEP] A choir singing at a baseball game.
"A woman with a green headscarf, blue shirt and a very big grin. [SEP] The woman is young.","A woman with a green headscarf, blue shirt and a very big grin. [SEP] every woman is young."
"A woman with a green headscarf, blue shirt and a very big grin. [SEP] The woman is very happy.","A woman with a green headscarf, blue shirt and a very big grin. [SEP] The woman is very happy."
"A woman with a green headscarf, blue shirt and a very big grin. [SEP] The woman has been shot.","A woman with a green headscarf, blue shirt and a very big grin. [SEP] The woman has been shot."
An old man with a package poses in front of an advertisement. [SEP] A man poses in front of an ad.,An old man with a package poses in front of an advertisement. [SEP] A man poses in front of an ad.
An old man with a package poses in front of an advertisement. [SEP] A man poses in front of an ad for beer.,An old man with a package poses in front of an advertisement. [SEP] A man poses in front of an ad for beer.
An old man with a package poses in front of an advertisement. [SEP] A man walks by an ad.,An old man with a package poses in front of an advertisement. [SEP] A man walks by an ad.
A statue at a museum that no seems to be looking at. [SEP] The statue is offensive and people are mad that it is on display.,A statue at a museum that no seems to be looking at. [SEP] The book is offensive and customers are mad that it is on display.
A statue at a museum that no seems to be looking at. [SEP] There is a statue that not many people seem to be interested in.,A statue at a museum that no seems to be looking at. [SEP] There is a statue that not many people seem to be interested in.
A statue at a museum that no seems to be looking at. [SEP] Tons of people are gathered around the statue.,A statue at a museum that no seems to be looking at. [SEP] Tons of people are gathered around the statue.
A land rover is being driven across a river. [SEP] A Land Rover is splashing water as it crosses a river.,A land rover is being driven across a river. [SEP] A Land Rover is splashing water as it crosses a river.
A land rover is being driven across a river. [SEP] A vehicle is crossing a river.,A land rover is being driven across a river. [SEP] A vehicle is crossing a river.
A land rover is being driven across a river. [SEP] A sedan is stuck in the middle of a river.,A land rover is being driven across a river. [SEP] A sedan is stuck in the middle of a river.
A man playing an electric guitar on stage. [SEP] A man playing banjo on the floor.,A man playing an electric guitar on stage. [SEP] A man playing banjo on the right.
A man playing an electric guitar on stage. [SEP] A man playing guitar on stage.,A man playing an electric guitar on stage. [SEP] A man playing guitar on stage.
A man playing an electric guitar on stage. [SEP] A man is performing for cash.,A man playing an electric guitar on stage. [SEP] every man is performing for cash.
A blond-haired doctor and her African american assistant looking threw new medical manuals. [SEP] A doctor is looking at a book,A blond-haired doctor and her African american assistant looking threw new medical manuals. [SEP] A doctor is looking at a book
A blond-haired doctor and her African american assistant looking threw new medical manuals. [SEP] A man is eating pb and j,A blond-haired doctor and her African american assistant looking threw new medical manuals. [SEP] A man is eating something and j
A blond-haired doctor and her African american assistant looking threw new medical manuals. [SEP] A doctor is studying,A blond-haired doctor and her African american assistant looking threw new medical manuals. [SEP] A doctor is studying
"One tan girl with a wool hat is running and leaning over an object, while another person in a wool hat is sitting on the ground. [SEP] A boy runs into a wall","One tan girl with a wool hat is running and leaning over an object, while another person in a wool hat is sitting on the ground. [SEP] A cat runs into a wall"
"One tan girl with a wool hat is running and leaning over an object, while another person in a wool hat is sitting on the ground. [SEP] A tan girl runs leans over an object","One tan girl with a wool hat is running and leaning over an object, while another person in a wool hat is sitting on the ground. [SEP] A tan girl runs leans over an object"
"One tan girl with a wool hat is running and leaning over an object, while another person in a wool hat is sitting on the ground. [SEP] A man watches his daughter leap","One tan girl with a wool hat is running and leaning over an object, while another person in a wool hat is sitting on the ground. [SEP] A man watches his daughter leap"
A young family enjoys feeling ocean waves lap at their feet. [SEP] A young man and woman take their child to the beach for the first time.,A young family enjoys feeling ocean waves lap at their feet. [SEP] A young man and woman take their child to the beach for the first time.
A young family enjoys feeling ocean waves lap at their feet. [SEP] A family is out at a restaurant.,A young family enjoys feeling ocean waves lap at their feet. [SEP] A family is out at a restaurant.
A young family enjoys feeling ocean waves lap at their feet. [SEP] A family is at the beach.,A young family enjoys feeling ocean waves lap at their feet. [SEP] A family is at the beach.
A couple walk hand in hand down a street. [SEP] A couple is walking together.,A couple walk hand in hand down a street. [SEP] A couple is walking together.
A couple walk hand in hand down a street. [SEP] The couple is married.,A couple walk hand in hand down a street. [SEP] The chairman is married.
A couple walk hand in hand down a street. [SEP] A couple is sitting on a bench.,A couple walk hand in hand down a street. [SEP] A couple is sitting on a bench.
3 young man in hoods standing in the middle of a quiet street facing the camera. [SEP] Three people sit by a busy street bareheaded.,3 young man in hoods standing in the middle of a quiet street facing the camera. [SEP] Three people sit by a busy crowd bareheaded.
3 young man in hoods standing in the middle of a quiet street facing the camera. [SEP] Three hood wearing people pose for a picture.,3 young man in hoods standing in the middle of a quiet street facing the camera. [SEP] Three hood wearing people pose for a picture.
3 young man in hoods standing in the middle of a quiet street facing the camera. [SEP] Three hood wearing people stand in a street.,3 young man in hoods standing in the middle of a quiet street facing the camera. [SEP] Three hood wearing people stand in a street.
A man reads the paper in a bar with green lighting. [SEP] The man is inside.,A man reads the paper in a bar with green lighting. [SEP] The man is inside.
A man reads the paper in a bar with green lighting. [SEP] The man is reading the sportspage.,A man reads the paper in a bar with green lighting. [SEP] The man is reading the file.
A man reads the paper in a bar with green lighting. [SEP] The man is climbing a mountain.,A man reads the paper in a bar with green lighting. [SEP] The man is climbing a structure.
Three firefighter come out of subway station. [SEP] Three firefighters putting out a fire inside of a subway station.,Three firefighter come out of subway station. [SEP] Three firefighters putting out a fire inside of a subway station.
Three firefighter come out of subway station. [SEP] Three firefighters coming up from a subway station.,Three firefighter come out of subway station. [SEP] Three firefighters coming up from a subway station.
Three firefighter come out of subway station. [SEP] Three firefighters playing cards inside a fire station.,Three firefighter come out of subway station. [SEP] Three firefighters playing soccer inside a fire station.
"A person wearing a straw hat, standing outside working a steel apparatus with a pile of coconuts on the ground. [SEP] A person is near a pile of coconuts.","A person wearing a straw hat, standing outside working a steel apparatus with a pile of coconuts on the ground. [SEP] A person is near a pile of coconuts."
"A person wearing a straw hat, standing outside working a steel apparatus with a pile of coconuts on the ground. [SEP] A person is selling coconuts.","A person wearing a straw hat, standing outside working a steel apparatus with a pile of coconuts on the ground. [SEP] A person is drinking coconuts."
"A person wearing a straw hat, standing outside working a steel apparatus with a pile of coconuts on the ground. [SEP] A person is burning a straw hat.","A person wearing a straw hat, standing outside working a steel apparatus with a pile of coconuts on the ground. [SEP] A person is burning a straw hat."
Male in a blue jacket decides to lay in the grass. [SEP] The guy in yellow is rolling on the grass,Male in a blue jacket decides to lay in the grass. [SEP] The team in yellow is rolling on the grass
Male in a blue jacket decides to lay in the grass. [SEP] The guy wearing a blue jacket is laying on the green grass,Male in a blue jacket decides to lay in the grass. [SEP] The guy wearing a blue jacket is laying on the green grass
Male in a blue jacket decides to lay in the grass. [SEP] The guy wearing a blue jacket is laying on the green grass taking a nap.,Male in a blue jacket decides to lay in the grass. [SEP] The guy wearing a blue jacket is laying on the green grass taking a nap.
During calf roping a cowboy calls off his horse. [SEP] A first time roper falls off his horse.,During calf roping a cowboy calls off his horse. [SEP] A first time roper falls off his horse.
During calf roping a cowboy calls off his horse. [SEP] A man ropes a calf successfully.,During calf roping a cowboy calls off his horse. [SEP] A man ropes a child away.
A little boy in a gray and white striped sweater and tan pants is playing on a piece of playground equipment. [SEP] A boy is on a playground.,A little boy in a gray and white striped sweater and tan pants is playing on a piece of playground equipment. [SEP] A boy is on a playground.
A little boy in a gray and white striped sweater and tan pants is playing on a piece of playground equipment. [SEP] The boy is playing on the swings after school.,A little boy in a gray and white striped sweater and tan pants is playing on a piece of playground equipment. [SEP] The boy is playing on the swings after school.
A little boy in a gray and white striped sweater and tan pants is playing on a piece of playground equipment. [SEP] The boy is sitting on the school bus on his way home.,A little boy in a gray and white striped sweater and tan pants is playing on a piece of playground equipment. [SEP] The boy is sitting on the school bus on his walks home.
A woman wearing a ball cap squats down to touch the cracked earth. [SEP] An archeologist wearing a hat squats to examine the site for a dig,A woman wearing a ball cap squats down to touch the cracked earth. [SEP] An archeologist wearing a hat squats to examine the river for a dig
A woman wearing a ball cap squats down to touch the cracked earth. [SEP] A squatting woman wearing a hat touching the ground.,A woman wearing a ball cap squats down to touch the cracked earth. [SEP] A squatting woman wearing a hat touching the ground.
A woman wearing a ball cap squats down to touch the cracked earth. [SEP] A woman wearing a sun bonnet planting a garden.,A woman wearing a ball cap squats down to touch the cracked earth. [SEP] A woman wearing a sun bonnet amidst a garden.
Two children re laying on a rug with some wooden bricks laid out in a square between them. [SEP] Two children are building a brick furnace.,Two children re laying on a rug with some wooden bricks laid out in a square between them. [SEP] Two children are building a brick furnace.
Two children re laying on a rug with some wooden bricks laid out in a square between them. [SEP] Two children are playing catch at a park.,Two children re laying on a rug with some wooden bricks laid out in a square between them. [SEP] Two children are playing catch at a park.
Two children re laying on a rug with some wooden bricks laid out in a square between them. [SEP] Two children are on a rug.,Two children re laying on a rug with some wooden bricks laid out in a square between them. [SEP] Two children are on a rug.
A man standing in front of a building on the phone as two men to the side pain on the side. [SEP] a guy near a building stands by two other men,A man standing in front of a building on the phone as two men to the side pain on the side. [SEP] a guy near a building stands by two other men
A man standing in front of a building on the phone as two men to the side pain on the side. [SEP] two girls walk through a hall,A man standing in front of a building on the phone as two men to the side pain on the side. [SEP] two girls walk through a hall
A man standing in front of a building on the phone as two men to the side pain on the side. [SEP] a busy man stands with bodyguards,A man standing in front of a building on the phone as two men to the side pain on the side. [SEP] a busy man stands with someone
"The two young girls are dressed as fairies, and are playing in the leaves outdoors. [SEP] Girls are playing outdoors.","The two young girls are dressed as fairies, and are playing in the leaves outdoors. [SEP] Girls are playing outdoors."
"The two young girls are dressed as fairies, and are playing in the leaves outdoors. [SEP] Two girls play dress up indoors.","The two young girls are dressed as fairies, and are playing in the leaves outdoors. [SEP] Two girls play dress up indoors."
"The two young girls are dressed as fairies, and are playing in the leaves outdoors. [SEP] The two girls play in the Autumn.","The two young girls are dressed as fairies, and are playing in the leaves outdoors. [SEP] The two may play in the Autumn."
People jump over a mountain crevasse on a rope. [SEP] Some people look visually afraid to jump.,People jump over a mountain crevasse on a rope. [SEP] Some people look visually afraid to death.
People jump over a mountain crevasse on a rope. [SEP] People are jumping outside.,People jump over a mountain crevasse on a rope. [SEP] People are jumping outside.
People jump over a mountain crevasse on a rope. [SEP] People slide over a mountain crevasse on a slide.,People jump over a mountain crevasse on a rope. [SEP] People slide over a mountain crevasse on a slide.
A snowboarder on a wide plain of snow [SEP] A snow field with a snowboarder on it,A snowboarder on a wide plain of snow [SEP] A snow field with a snowboarder on it
A snowboarder on a wide plain of snow [SEP] A snowboarder gliding over a field of snow,A snowboarder on a wide plain of snow [SEP] A snowboarder gliding over a field of snow
A snowboarder on a wide plain of snow [SEP] A snowmobile in a blizzard,A snowboarder on a wide plain of snow [SEP] A snowmobile in a blizzard
An older women tending to a garden. [SEP] The lady is cooking dinner,An older women tending to a garden. [SEP] The lady is cooking dinner
An older women tending to a garden. [SEP] The lady is weeding her garden,An older women tending to a garden. [SEP] The lady is weeding her garden
An older women tending to a garden. [SEP] The lady has a garden,An older women tending to a garden. [SEP] The lady has a garden
A man in a black shirt overlooking bike maintenance. [SEP] A man destroys a bike.,A man in a black shirt overlooking bike maintenance. [SEP] A man destroys a bike.
A man in a black shirt overlooking bike maintenance. [SEP] A man watches bike repairs.,A man in a black shirt overlooking bike maintenance. [SEP] A man watches bike repairs.
A man in a black shirt overlooking bike maintenance. [SEP] A man learns bike maintenance.,A man in a black shirt overlooking bike maintenance. [SEP] A man learns bike walking.
A man in a black shirt is looking at a bike in a workshop. [SEP] A man is wearing a red shirt,A man in a black shirt is looking at a bike in a workshop. [SEP] A man is wearing a red cross
A man in a black shirt is looking at a bike in a workshop. [SEP] A man is in a black shirt,A man in a black shirt is looking at a bike in a workshop. [SEP] A man is in a black shirt
A man in a black shirt is looking at a bike in a workshop. [SEP] A man is deciding which bike to buy,A man in a black shirt is looking at a bike in a workshop. [SEP] A man is deciding which bike to buy
A man looking over a bicycle's rear wheel in the maintenance garage with various tools visible in the background. [SEP] A person is in a garage.,A man looking over a bicycle's rear wheel in the maintenance garage with various tools visible in the background. [SEP] A person is in a garage.
A man looking over a bicycle's rear wheel in the maintenance garage with various tools visible in the background. [SEP] A man repairs bicycles.,A man looking over a bicycle's rear wheel in the maintenance garage with various tools visible in the background. [SEP] A man repairs bicycles.
A man looking over a bicycle's rear wheel in the maintenance garage with various tools visible in the background. [SEP] A man waits outside a garage.,A man looking over a bicycle's rear wheel in the maintenance garage with various tools visible in the background. [SEP] A man waits outside a garage.
"Three people sit on a bench at a station, the man looks oddly at the two women, the redheaded women looks up and forward in an awkward position, and the yellow blond girl twiddles with her hair. [SEP] Some people stand around.","Three people sit on a bench at a station, the man looks oddly at the two women, the redheaded women looks up and forward in an awkward position, and the yellow blond girl twiddles with her hair. [SEP] Some people stand around."
"Three people sit on a bench at a station, the man looks oddly at the two women, the redheaded women looks up and forward in an awkward position, and the yellow blond girl twiddles with her hair. [SEP] People run together.","Three people sit on a bench at a station, the man looks oddly at the two women, the redheaded women looks up and forward in an awkward position, and the yellow blond girl twiddles with her hair. [SEP] People run together."
"Three people sit on a bench at a station, the man looks oddly at the two women, the redheaded women looks up and forward in an awkward position, and the yellow blond girl twiddles with her hair. [SEP] People wait at a station.","Three people sit on a bench at a station, the man looks oddly at the two women, the redheaded women looks up and forward in an awkward position, and the yellow blond girl twiddles with her hair. [SEP] People wait at a station."
A child wearing a red top is standing behind a blond headed child sitting in a wheelbarrow. [SEP] A child wearing a red top is standing behind a blond headed child,A child wearing a red top is standing behind a blond headed child sitting in a wheelbarrow. [SEP] A child wearing a red top is standing behind a blond headed child
A child wearing a red top is standing behind a blond headed child sitting in a wheelbarrow. [SEP] A child wearing a red top is standing on top of a blond headed child,A child wearing a red top is standing behind a blond headed child sitting in a wheelbarrow. [SEP] A child wearing a red top is standing on top of a blond headed child
A child wearing a red top is standing behind a blond headed child sitting in a wheelbarrow. [SEP] A child wearing a red top is standing behind a pretty blond headed child,A child wearing a red top is standing behind a blond headed child sitting in a wheelbarrow. [SEP] A child wearing a red top is standing behind a pretty blond dancing child
"A person dressed in a dress with flowers and a stuffed bee attached to it, is pushing a baby stroller down the street. [SEP] A lady sitting on a bench in the park.","A person dressed in a dress with flowers and a stuffed bee attached to it, is pushing a baby stroller down the street. [SEP] A car sitting on a bench in the park."
"A person dressed in a dress with flowers and a stuffed bee attached to it, is pushing a baby stroller down the street. [SEP] An old lady pushing a stroller down a busy street.","A person dressed in a dress with flowers and a stuffed bee attached to it, is pushing a baby stroller down the street. [SEP] An old lady pushing a stroller down a busy street."
"A person dressed in a dress with flowers and a stuffed bee attached to it, is pushing a baby stroller down the street. [SEP] A person outside pushing a stroller.","A person dressed in a dress with flowers and a stuffed bee attached to it, is pushing a baby stroller down the street. [SEP] A person outside pushing a stroller."
A dog jumping for a Frisbee in the snow. [SEP] A pet is enjoying a game of fetch with his owner.,A dog jumping for a Frisbee in the snow. [SEP] A pet is enjoying a game of fetch with his brother.
A dog jumping for a Frisbee in the snow. [SEP] A cat washes his face and whiskers with his front paw.,A dog jumping for a Frisbee in the snow. [SEP] A cat washes his face and whiskers with his front paw.
"A dog jumping for a Frisbee in the snow. [SEP] An animal is outside in the cold weather, playing with a plastic toy.","A dog jumping for a Frisbee in the snow. [SEP] An animal is outside in the cold weather, playing with a plastic toy."
People are conversing at a dining table under a canopy. [SEP] People at a party are seated for dinner on the lawn.,People are conversing at a dining table under a canopy. [SEP] People at a party are seated for dinner on the lawn.
People are conversing at a dining table under a canopy. [SEP] People are talking underneath a covering.,People are conversing at a dining table under a canopy. [SEP] People are talking underneath a covering.
People are conversing at a dining table under a canopy. [SEP] People are screaming at a boxing match.,People are conversing at a dining table under a canopy. [SEP] People are screaming at a boxing match.
A girl playing a violin along with a group of people [SEP] A girl is washing a load of laundry.,A girl playing a violin along with a group of people [SEP] A girl is washing a load of laundry.
A girl playing a violin along with a group of people [SEP] A girl is playing an instrument.,A girl playing a violin along with a group of people [SEP] A girl is playing an instrument.
A girl playing a violin along with a group of people [SEP] A group of people are playing in a symphony.,A girl playing a violin along with a group of people [SEP] A group of people are playing in a fountain.
A woman within an orchestra is playing a violin. [SEP] A woman is playing a concert.,A woman within an orchestra is playing a violin. [SEP] A woman is missing a concert.
A woman within an orchestra is playing a violin. [SEP] A woman is playing the violin.,A woman within an orchestra is playing a violin. [SEP] A woman is playing the violin.
A woman within an orchestra is playing a violin. [SEP] A man is looking in a telescope.,A woman within an orchestra is playing a violin. [SEP] A man is shown in a telescope.
"Three men, one holding pipes, another holding a large object above his head, and one resting against the pipe bed on the truck, are looking at the camera. [SEP] three men going to work","Three men, one holding pipes, another holding a large object above his head, and one resting against the pipe bed on the truck, are looking at the camera. [SEP] three men going to work"
"Three men, one holding pipes, another holding a large object above his head, and one resting against the pipe bed on the truck, are looking at the camera. [SEP] three men look at the camera","Three men, one holding pipes, another holding a large object above his head, and one resting against the pipe bed on the truck, are looking at the camera. [SEP] two men look at the camera"
"Three men, one holding pipes, another holding a large object above his head, and one resting against the pipe bed on the truck, are looking at the camera. [SEP] three men sleeping in a tent","Three men, one holding pipes, another holding a large object above his head, and one resting against the pipe bed on the truck, are looking at the camera. [SEP] three men sleeping in a tent"
A Ford car is making a right turn as 3 males are walking across the street behind the car. [SEP] A car making a right turn had three pedestrians cross behind it.,A Ford car is making a right turn as 3 males are walking across the street behind the car. [SEP] A car making a violent turn had two pedestrians cross behind it.
A Ford car is making a right turn as 3 males are walking across the street behind the car. [SEP] A sedan was turning a corner as walkers were crossing.,A Ford car is making a right turn as 3 males are walking across the street behind the car. [SEP] A sedan was turning a corner as walkers were crossing.
Three boys in white shirts are walking behind an older model Ford car. [SEP] there are three boys,Three boys in white shirts are walking behind an older model Ford car. [SEP] there are three boys
Three boys in white shirts are walking behind an older model Ford car. [SEP] There are three girls,Three boys in white shirts are walking behind an older model Ford car. [SEP] There are three girls
Three boys in white shirts are walking behind an older model Ford car. [SEP] The boys are on the street,Three boys in white shirts are walking behind an older model Ford car. [SEP] The boys are on the street
Three girls blow out the candles of a cake made of Peeps. [SEP] Some people are blowing out candles,Three girls blow out the candles of a cake made of Peeps. [SEP] Some people are blowing out candles
Three girls blow out the candles of a cake made of Peeps. [SEP] There are three girls and a cake,Three girls blow out the candles of a cake made of Peeps. [SEP] There are three girls and a cake
Three girls blow out the candles of a cake made of Peeps. [SEP] There are peeps in the garden.,Three girls blow out the candles of a cake made of Peeps. [SEP] There are peeps in the garden.
A crowd of people looking up at 3 people on the edge of the roof of a building. [SEP] The crowd is calling for help for the people on the roof.,A crowd of people looking up at 3 people on the edge of the roof of a building. [SEP] The crowd is running for help for the people on the roof.
A crowd of people looking up at 3 people on the edge of the roof of a building. [SEP] The crowd on the ground is watching 3 people on the roof's edge.,A crowd of people looking up at 3 people on the edge of the roof of a building. [SEP] The crowd on the stadium is watching 3 people on the roof's edge.
A crowd of people looking up at 3 people on the edge of the roof of a building. [SEP] Three people are climbing down the ladder on the building.,A crowd of people looking up at 3 people on the edge of the roof of a building. [SEP] Three people are climbing down the ladder on the building.
A woman working long hours. [SEP] A woman is working in a factory.,A woman working long hours. [SEP] A woman is working in a field.
A woman working long hours. [SEP] A woman is working.,A woman working long hours. [SEP] A woman is working.
A woman working long hours. [SEP] A woman is sleeping.,A woman working long hours. [SEP] A woman is sleeping.
Two teenage girls conversing next to lockers. [SEP] Girls talking next to the toilet.,Two teenage girls conversing next to lockers. [SEP] Girls talking next to the toilet.
Two teenage girls conversing next to lockers. [SEP] People talking next to lockers.,Two teenage girls conversing next to lockers. [SEP] People talking next to lockers.
Two teenage girls conversing next to lockers. [SEP] Girls talking about their problems next to lockers.,Two teenage girls conversing next to lockers. [SEP] Girls talking about their cars next to lockers.
An old woman watches a man look down at some balls on the ground. [SEP] An elderly female is stalking a male.,An old woman watches a man look down at some balls on the ground. [SEP] An elderly female is stalking a male.
An old woman watches a man look down at some balls on the ground. [SEP] Two people are sleeping on the train.,An old woman watches a man look down at some balls on the ground. [SEP] Two people are sleeping on the train.
"Two children, both wearing tan coats, are embracing one another. [SEP] Two kids are hugging after surviving a horrible car wreck.","Two children, both wearing tan coats, are embracing one another. [SEP] Two kids are hugging after surviving a horrible car wreck."
"Two children, both wearing tan coats, are embracing one another. [SEP] Two kids are hugging.","Two children, both wearing tan coats, are embracing one another. [SEP] Two kids are hugging."
"Two children, both wearing tan coats, are embracing one another. [SEP] Two kids are running down a highway.","Two children, both wearing tan coats, are embracing one another. [SEP] Two kids are running down a highway."
2 kids who look related are hanging out with 1 of them looking very emotional and hugging the other. [SEP] A couple of child relatives were hugging because they were happy to see each other.,2 kids who look related are hanging out with 1 of them looking very emotional and hugging the other. [SEP] A couple of child relatives were hugging because they were happy to see each other.
2 kids who look related are hanging out with 1 of them looking very emotional and hugging the other. [SEP] Two kids were hugging.,2 kids who look related are hanging out with 1 of them looking very emotional and hugging the other. [SEP] Two kids were hugging.
2 kids who look related are hanging out with 1 of them looking very emotional and hugging the other. [SEP] Two youths were pushing each other.,2 kids who look related are hanging out with 1 of them looking very emotional and hugging the other. [SEP] Two youths were pushing each other.
A large number of people wearing only white and red are walking on a street. [SEP] A large number of people wearing black walking down the street.,A large number of people wearing only white and red are walking on a street. [SEP] A large number of people wearing black walking down the street.
A large number of people wearing only white and red are walking on a street. [SEP] A large number of men walking down the street in red and white.,A large number of people wearing only white and red are walking on a street. [SEP] A large number of men fled down the street in red and white.
A large number of people wearing only white and red are walking on a street. [SEP] A large number of people walking on a street.,A large number of people wearing only white and red are walking on a street. [SEP] A large number of people walking on a street.
A guy riding a motorcycle near junk cars [SEP] The man is test driving a motorcycle to decide whether or not he will buy it.,A guy riding a motorcycle near junk cars [SEP] The man is test driving a motorcycle to decide whether or not he will buy it.
A guy riding a motorcycle near junk cars [SEP] A man is riding a motorcycle.,A guy riding a motorcycle near junk cars [SEP] A man is riding a motorcycle.
A guy riding a motorcycle near junk cars [SEP] A man is sitting on a parked motorcycle waiting for his friend.,A guy riding a motorcycle near junk cars [SEP] A man is sitting on a parked bicycle waiting for his passengers.
"Women of India performing with blue streamers, in beautiful blue costumes. [SEP] indian women perform together in gorgeous costumes","Women of India performing with blue streamers, in beautiful blue costumes. [SEP] indian women perform together in gorgeous costumes"
"Women of India performing with blue streamers, in beautiful blue costumes. [SEP] dogs sniff the air","Women of India performing with blue streamers, in beautiful blue costumes. [SEP] dogs sniff the air"
"Women of India performing with blue streamers, in beautiful blue costumes. [SEP] indian women are performing a religious ritual together","Women of India performing with blue streamers, in beautiful blue costumes. [SEP] indian women are performing a religious ritual together"
A professional swimmer spits water out after surfacing while grabbing the hand of someone helping him back to land. [SEP] A person is swimming.,A professional swimmer spits water out after surfacing while grabbing the hand of someone helping him back to land. [SEP] A person is swimming.
A professional swimmer spits water out after surfacing while grabbing the hand of someone helping him back to land. [SEP] The swimmer is eating a toasted marshmallow.,A professional swimmer spits water out after surfacing while grabbing the hand of someone helping him back to land. [SEP] The swimmer is presented a toasted marshmallow.
A professional swimmer spits water out after surfacing while grabbing the hand of someone helping him back to land. [SEP] The swimmer almost drowned after being sucked under a fast current.,A professional swimmer spits water out after surfacing while grabbing the hand of someone helping him back to land. [SEP] The swimmer also drowned after being sucked under a fast current.
The man in the black wetsuit is walking out of the water. [SEP] A man in a wetsuit walks out of the water carrying a surfboard.,The man in the black wetsuit is walking out of the water. [SEP] A man in a wetsuit walks out of the water rolling a surfboard.
The man in the black wetsuit is walking out of the water. [SEP] a person is walking out of water.,The man in the black wetsuit is walking out of the water. [SEP] a person is walking out of water.
The man in the black wetsuit is walking out of the water. [SEP] A man is laying on the beach.,The man in the black wetsuit is walking out of the water. [SEP] A man is laying on the beach.
Five girls and two guys are crossing a overpass. [SEP] The extended family hike together on their family reunion.,Five girls and two guys are crossing a overpass. [SEP] The extended family hike together on their family reunion.
Five girls and two guys are crossing a overpass. [SEP] The three men sit and talk about their lives.,Five girls and two guys are crossing a overpass. [SEP] The three men sit and run about their lives.
Five girls and two guys are crossing a overpass. [SEP] There are people outside.,Five girls and two guys are crossing a overpass. [SEP] There are people outside.
A person with a purple shirt is painting an image of a woman on a white wall. [SEP] A woman paints a portrait of her best friend.,A person with a purple shirt is painting an image of a woman on a white wall. [SEP] A woman paints a portrait of her best friend.
A person with a purple shirt is painting an image of a woman on a white wall. [SEP] A woman paints a portrait of a person.,A person with a purple shirt is painting an image of a woman on a white wall. [SEP] A woman paints a portrait of a person.
A person with a purple shirt is painting an image of a woman on a white wall. [SEP] A woman paints a portrait of a monkey.,A person with a purple shirt is painting an image of a woman on a white wall. [SEP] A woman paints a portrait of a monkey.
A woman is painting a mural of a woman's face. [SEP] There is a woman painting.,A woman is painting a mural of a woman's face. [SEP] There is a woman painting.
A woman is painting a mural of a woman's face. [SEP] There is a woman painting for fun.,A woman is painting a mural of a woman's face. [SEP] each is a woman painting for fun.
A woman is painting a mural of a woman's face. [SEP] There is a man tying his shoes.,A woman is painting a mural of a woman's face. [SEP] There is a man tying his shoes.
A couple is eating outside at a table and he is pointing at something. [SEP] A couple is eating inside at a table and he is pointing at something.,A couple is eating outside at a table and he is pointing at something. [SEP] A couple is eating inside at a table and he is pointing at something.
A couple is eating outside at a table and he is pointing at something. [SEP] The man is pointing at a purse snatcher.,A couple is eating outside at a table and he is pointing at something. [SEP] The man is shot at a purse snatcher.
A couple is eating outside at a table and he is pointing at something. [SEP] People are eating at a table outside.,A couple is eating outside at a table and he is pointing at something. [SEP] People are eating at a table outside.
Two women walk down a sidewalk along a busy street in a downtown area. [SEP] The women were walking downtown because the buses were on strike,Two women walk down a sidewalk along a busy street in a downtown area. [SEP] The women were walking downtown because the buses were on strike
Two women walk down a sidewalk along a busy street in a downtown area. [SEP] The women were picking berries in the countryside,Two women walk down a sidewalk along a busy street in a downtown area. [SEP] The women were picking berries in the morning
Two women walk down a sidewalk along a busy street in a downtown area. [SEP] The women were walking downtown,Two women walk down a sidewalk along a busy street in a downtown area. [SEP] The women were walking downtown
"Many people standing outside of a place talking to each other in front of a building that has a sign that says ""HI-POINTE."" [SEP] The people are having a chat before going into the work building.","Many people standing outside of a place talking to each other in front of a building that has a sign that says ""HI-POINTE."" [SEP] The people are having a chat before going into the work building."
"Many people standing outside of a place talking to each other in front of a building that has a sign that says ""HI-POINTE."" [SEP] The group of people aren't inide of the building.","Many people standing outside of a place talking to each other in front of a building that has a sign that says ""HI-POINTE."" [SEP] The group of people aren't inide of the building."
"Many people standing outside of a place talking to each other in front of a building that has a sign that says ""HI-POINTE."" [SEP] The people are sitting in the hotel lobby.","Many people standing outside of a place talking to each other in front of a building that has a sign that says ""HI-POINTE."" [SEP] The people are sitting in the hotel lobby."
The flight attendant dressed in yellow demonstrates life vest usage. [SEP] A flight attendant is standing in front of passengers.,The flight attendant dressed in yellow demonstrates life vest usage. [SEP] A flight attendant is take in hundreds of passengers.
The flight attendant dressed in yellow demonstrates life vest usage. [SEP] A flight attendant is demonstrating safety procedures before takeoff.,The flight attendant dressed in yellow demonstrates life vest usage. [SEP] A flight attendant is demonstrating safety procedures before dancing.
The flight attendant dressed in yellow demonstrates life vest usage. [SEP] A woman is preparing drinks on an airplane.,The flight attendant dressed in yellow demonstrates life vest usage. [SEP] A woman is preparing drinks on an airplane.
The girls walk down the street. [SEP] Girls walk down the street.,The girls walk down the street. [SEP] Girls walk down the street.
The girls walk down the street. [SEP] Girls set down in the street.,The girls walk down the street. [SEP] Girls set down in the street.
The girls walk down the street. [SEP] Girls were going to the park.,The girls walk down the street. [SEP] Girls were going to the park.
A man wearing a red uniform and helmet stands on his motorbike. [SEP] a man sitting in a car.,A man wearing a red uniform and helmet stands on his motorbike. [SEP] a man sitting in a car.
A man wearing a red uniform and helmet stands on his motorbike. [SEP] a person standing.,A man wearing a red uniform and helmet stands on his motorbike. [SEP] a person standing.
A man wearing a red uniform and helmet stands on his motorbike. [SEP] a man standing on his motorbike.,A man wearing a red uniform and helmet stands on his motorbike. [SEP] a man standing on his motorbike.
A man of the cloth puts a black substance on a man's forehead. [SEP] The man puts something on the other mans head.,A man of the cloth puts a black substance on a man's forehead. [SEP] The man puts something on the other mans head.
A man of the cloth puts a black substance on a man's forehead. [SEP] The women are at the park.,A man of the cloth puts a black substance on a man's forehead. [SEP] The women are at the park.
A man of the cloth puts a black substance on a man's forehead. [SEP] The men are at church.,A man of the cloth puts a black substance on a man's forehead. [SEP] The men are at church.
A person rolls down a hill riding a wagon as another watches. [SEP] Two people are outside.,A person rolls down a hill riding a wagon as another watches. [SEP] Two people are outside.
A person rolls down a hill riding a wagon as another watches. [SEP] A person stares at an empty hill.,A person rolls down a hill riding a wagon as another watches. [SEP] A person stares at an empty hill.
A person rolls down a hill riding a wagon as another watches. [SEP] A child in a wagon rolls down a hill.,A person rolls down a hill riding a wagon as another watches. [SEP] A child in a wagon rolls down a hill.
a boy holding onto the wall of an old brick house's raised foundation. [SEP] a boy holding onto the wall of an old brick house's raised foundation as construction occurs,a boy holding onto the wall of an old brick house's raised foundation. [SEP] a boy holding onto the wall of an old brick house's raised foundation as construction before
a boy holding onto the wall of an old brick house's raised foundation. [SEP] a girl is leaning against the wall,a boy holding onto the wall of an old brick house's raised foundation. [SEP] a girl is leaning against the wall
a boy holding onto the wall of an old brick house's raised foundation. [SEP] a boy is against the wall of a raised foundation,a boy holding onto the wall of an old brick house's raised foundation. [SEP] a boy is against the wall of a raised foundation
"Bruce Springsteen, with one arm outstretched, is singing in the spotlight in a dark concert hall. [SEP] Bruce Springsteen is from Florida.","Bruce Springsteen, with one arm outstretched, is singing in the spotlight in a dark concert hall. [SEP] Bruce Springsteen is from Florida."
"Bruce Springsteen, with one arm outstretched, is singing in the spotlight in a dark concert hall. [SEP] Bruce Springsteen is a singer.","Bruce Springsteen, with one arm outstretched, is singing in the spotlight in a dark concert hall. [SEP] Bruce gray is a singer."
"Bruce Springsteen, with one arm outstretched, is singing in the spotlight in a dark concert hall. [SEP] Bruce Springsteen is gay","Bruce Springsteen, with one arm outstretched, is singing in the spotlight in a dark concert hall. [SEP] aids Springsteen is gay"
Six dogs swimming in a river. [SEP] Six dogs swim across the river.,Six dogs swimming in a river. [SEP] Six dogs swim across the river.
Six dogs swimming in a river. [SEP] Six dogs are outdoors.,Six dogs swimming in a river. [SEP] Six dogs are outdoors.
Six dogs swimming in a river. [SEP] The puppies are setting on the couch.,Six dogs swimming in a river. [SEP] The puppies are setting on the couch.
A man and woman are taking a picture of themselves while a woman in a scarf walks by them. [SEP] A man and woman have mug shots taken because they have been arrested.,A man and woman are taking a picture of themselves while a woman in a scarf walks by them. [SEP] A man and woman have mug shots taken because they have been arrested.
A man and woman are taking a picture of themselves while a woman in a scarf walks by them. [SEP] A man and woman take selfies while a woman walks by and judges them.,A man and woman are taking a picture of themselves while a woman in a scarf walks by them. [SEP] A man and woman take selfies while a woman walks by and judges them.
A man and woman are taking a picture of themselves while a woman in a scarf walks by them. [SEP] A man and woman take selfies of themselves.,A man and woman are taking a picture of themselves while a woman in a scarf walks by them. [SEP] A man and woman take selfies of themselves.
a group of people dancing together. [SEP] People are dancing.,a group of people dancing together. [SEP] People are dancing.
a group of people dancing together. [SEP] They are doing the tango.,a group of people dancing together. [SEP] us are doing the math.
a group of people dancing together. [SEP] No one is dancing.,a group of people dancing together. [SEP] No one is dancing.
Men wearing blue uniforms sit on a bus. [SEP] Men sit on the bus.,Men wearing blue uniforms sit on a bus. [SEP] Men sit on the bus.
"Men wearing blue uniforms sit on a bus. [SEP] Men sit on the bus going to work,","Men wearing blue uniforms sit on a bus. [SEP] Men sit on the bus going to work,"
Men wearing blue uniforms sit on a bus. [SEP] Men drive the bus into the ocean.,Men wearing blue uniforms sit on a bus. [SEP] Men drive the bus into the ocean.
Two men climbing on a wooden scaffold. [SEP] Two people climbing on a wooden scaffold.,Two men climbing on a wooden scaffold. [SEP] Two people climbing on a wooden scaffold.
Two men climbing on a wooden scaffold. [SEP] Two women climbing on a wooden scaffold.,Two men climbing on a wooden scaffold. [SEP] Two women climbing on a wooden scaffold.
Two men climbing on a wooden scaffold. [SEP] Two sad men climbing on a wooden scaffold.,Two men climbing on a wooden scaffold. [SEP] eight sad men climbing on a concrete scaffold.
A bird is flapping its wings on the water. [SEP] The bird is flying over the trees.,A bird is flapping its wings on the water. [SEP] The bird is flying over the trees.
A bird is flapping its wings on the water. [SEP] The duck is swimming in the lake.,A bird is flapping its wings on the water. [SEP] The duck is swimming in the lake.
A young boy wearing a red shirt and jeans stands in the middle of a field and throws a toy plane in the air. [SEP] A young boy is playing in a feild.,A young boy wearing a red shirt and jeans stands in the middle of a field and throws a toy plane in the air. [SEP] A young boy is playing in a feild.
A young boy wearing a red shirt and jeans stands in the middle of a field and throws a toy plane in the air. [SEP] A young boy is playing in the field because his mother kicked him out of the house.,A young boy wearing a red shirt and jeans stands in the middle of a field and throws a toy plane in the air. [SEP] A young boy is playing in the field because his mother kicked him out of the house.
A young boy wearing a red shirt and jeans stands in the middle of a field and throws a toy plane in the air. [SEP] A young boy is playing video games indoors.,A young boy wearing a red shirt and jeans stands in the middle of a field and throws a toy plane in the air. [SEP] A young boy is playing video games indoors.
Six or seven people are standing on a pier with a table and a pair of glasses in the foreground. [SEP] They are going fishing.,Six or seven people are standing on a pier with a table and a pair of glasses in the foreground. [SEP] They are enjoys fishing.
Six or seven people are standing on a pier with a table and a pair of glasses in the foreground. [SEP] Six or seven people are standing on a pier.,Six or seven people are standing on a pier with a table and a pair of glasses in the foreground. [SEP] Six or seven people are standing on a pier.
Six or seven people are standing on a pier with a table and a pair of glasses in the foreground. [SEP] They are in a boat.,Six or seven people are standing on a pier with a table and a pair of glasses in the foreground. [SEP] They are in a boat.
A person in a red shirt and black pants hunched over. [SEP] A person wears a red shirt.,A person in a red shirt and black pants hunched over. [SEP] A person wears a red shirt.
A person in a red shirt and black pants hunched over. [SEP] The person is a woman.,A person in a red shirt and black pants hunched over. [SEP] The person is a woman.
A person in a red shirt and black pants hunched over. [SEP] The person is wearing a green shirt.,A person in a red shirt and black pants hunched over. [SEP] The person is wearing a green background.
This child is on the library steps. [SEP] The child is on the school steps.,This child is on the library steps. [SEP] The child is on the school steps.
This child is on the library steps. [SEP] The child is on the steps.,This child is on the library steps. [SEP] The child is on the steps.
This child is on the library steps. [SEP] The child is on the steps inside the library.,This child is on the library steps. [SEP] every child is on the steps of the library.
The tattooed basketball player is about to dunk the ball. [SEP] The man is playing football..,The tattooed basketball player is about to dunk the ball. [SEP] The man is playing football..
The tattooed basketball player is about to dunk the ball. [SEP] The person is playing basketball.,The tattooed basketball player is about to dunk the ball. [SEP] The person is playing basketball.
The tattooed basketball player is about to dunk the ball. [SEP] The player has a tattoo that says mother.,The tattooed basketball player is about to dunk the ball. [SEP] The player has a tattoo that kills mother.
a boy in a red hooded top is smiling whilst looking away from his reflection. [SEP] A boy in a red hood is happy.,a boy in a red hooded top is smiling whilst looking away from his reflection. [SEP] A boy in a red hood is happy.
a boy in a red hooded top is smiling whilst looking away from his reflection. [SEP] The boy doesn't want to see his reflection.,a boy in a red hooded top is smiling whilst looking away from his reflection. [SEP] The boy doesn't want to see his reflection.
a boy in a red hooded top is smiling whilst looking away from his reflection. [SEP] The boy is upset.,a boy in a red hooded top is smiling whilst looking away from his reflection. [SEP] The boy is upset.
A man wearing a gray ball cap walks next to a redheaded woman wearing a long-sleeved blue jean shirt. [SEP] the man is wearing a gray cap.,A man wearing a gray ball cap walks next to a redheaded woman wearing a long-sleeved blue jean shirt. [SEP] the man is wearing a gray cap.
A man wearing a gray ball cap walks next to a redheaded woman wearing a long-sleeved blue jean shirt. [SEP] The man is wearing a blue cap.,A man wearing a gray ball cap walks next to a redheaded woman wearing a long-sleeved blue jean shirt. [SEP] The man is wearing a blue garment.
A man wearing a gray ball cap walks next to a redheaded woman wearing a long-sleeved blue jean shirt. [SEP] The man is cold.,A man wearing a gray ball cap walks next to a redheaded woman wearing a long-sleeved blue jean shirt. [SEP] every man is cold.
"An old man in a baseball hat and an old woman in a jean jacket are standing outside, but are covered mostly in shadow. [SEP] An old woman has a light jean jacket.","An old man in a baseball hat and an old woman in a jean jacket are standing outside, but are covered mostly in shadow. [SEP] An old woman has a light jean jacket."
"An old man in a baseball hat and an old woman in a jean jacket are standing outside, but are covered mostly in shadow. [SEP] An old woman has a jean jacket.","An old man in a baseball hat and an old woman in a jean jacket are standing outside, but are covered mostly in shadow. [SEP] An old woman has a jean jacket."
"An old man in a baseball hat and an old woman in a jean jacket are standing outside, but are covered mostly in shadow. [SEP] An old woman has no jacket.","An old man in a baseball hat and an old woman in a jean jacket are standing outside, but are covered mostly in shadow. [SEP] An old woman has no parents."
A newlywed couple laughing and talking amongst themselves. [SEP] The couple is having fun.,A newlywed couple laughing and talking amongst themselves. [SEP] The couple is having fun.
A newlywed couple laughing and talking amongst themselves. [SEP] The couple just got married.,A newlywed couple laughing and talking amongst themselves. [SEP] The couple just got married.
A newlywed couple laughing and talking amongst themselves. [SEP] The couple is divorced.,A newlywed couple laughing and talking amongst themselves. [SEP] The couple is sleeping.
A black man in a long sleeves white collared shirt and a tie is walking to work in a big city. [SEP] The man is wearing shorts and a t-shirt as he jogs.,A black man in a long sleeves white collared shirt and a tie is walking to work in a big city. [SEP] The man is wearing shorts and a t-shirt as he jogs.
A black man in a long sleeves white collared shirt and a tie is walking to work in a big city. [SEP] The man is moving.,A black man in a long sleeves white collared shirt and a tie is walking to work in a big city. [SEP] The man is moving.
A black man in a long sleeves white collared shirt and a tie is walking to work in a big city. [SEP] The man is wearing work attire and is walking to his job.,A black man in a long sleeves white collared shirt and a tie is walking to work in a big city. [SEP] The man is wearing work attire and is walking to his job.
Several younger people sitting in front of a statue. [SEP] several young people sitting outside,Several younger people sitting in front of a statue. [SEP] several young officers sitting outside
Several younger people sitting in front of a statue. [SEP] several young people are sitting in an auditorium,Several younger people sitting in front of a statue. [SEP] several young people are sitting in an auditorium
Several younger people sitting in front of a statue. [SEP] several young people sitting in a school courtyard,Several younger people sitting in front of a statue. [SEP] several young people sitting in a school courtyard
A group of adults stands in the bathroom looking down a small child in the bath. [SEP] The childs mom is watching her son with her friends.,A group of adults stands in the bathroom looking down a small child in the bath. [SEP] The childs mom is eating her son with her friends.
A group of adults stands in the bathroom looking down a small child in the bath. [SEP] People are in the house.,A group of adults stands in the bathroom looking down a small child in the bath. [SEP] People are in the house.
A group of adults stands in the bathroom looking down a small child in the bath. [SEP] The child is sleeping.,A group of adults stands in the bathroom looking down a small child in the bath. [SEP] The child is sleeping.
A goofy looking woman is singing on stage. [SEP] A woman is singing.,A goofy looking woman is singing on stage. [SEP] A woman is singing.
A goofy looking woman is singing on stage. [SEP] A woman is reciting poetry on the stage.,A goofy looking woman is singing on stage. [SEP] A woman is reciting poetry on the stage.
A goofy looking woman is singing on stage. [SEP] A blonde woman is singing and dancing on the stage.,A goofy looking woman is singing on stage. [SEP] A blonde woman is singing and dancing on the stage.
The girl wearing a brown jacket whilst walking in snow. [SEP] A woman is eating pasta in a restaurant.,The girl wearing a brown jacket whilst walking in snow. [SEP] A woman is eating pasta in a restaurant.
The girl wearing a brown jacket whilst walking in snow. [SEP] The lady wearing a jacket is looking for her lost dog.,The girl wearing a brown jacket whilst walking in snow. [SEP] The lady wearing a jacket is looking for her lost dog.
The girl wearing a brown jacket whilst walking in snow. [SEP] The girl is walking outside.,The girl wearing a brown jacket whilst walking in snow. [SEP] The girl is walking outside.
"A man, woman, and child get their picture taken in front of the mountains. [SEP] A family on vacation is posing.","A man, woman, and child get their picture taken in front of the mountains. [SEP] A family on vacation is posing."
"A man, woman, and child get their picture taken in front of the mountains. [SEP] People are outdoors.","A man, woman, and child get their picture taken in front of the mountains. [SEP] People are outdoors."
"A man, woman, and child get their picture taken in front of the mountains. [SEP] A family is in their car.","A man, woman, and child get their picture taken in front of the mountains. [SEP] A family is in their car."
people are standing near water with a boat heading their direction [SEP] The people are standing.,people are standing near water with a boat heading their direction [SEP] The people are standing.
people are standing near water with a boat heading their direction [SEP] People are standing near water with a large blue boat heading their direction.,people are standing near water with a boat heading their direction [SEP] People are standing near water with a large blue boat heading their cart.
people are standing near water with a boat heading their direction [SEP] People are waiting in line at the restaurant.,people are standing near water with a boat heading their direction [SEP] People are waiting in line at the restaurant.
Four adults eat while sitting on a tile floor. [SEP] Two couples eat food on a kitchen floor.,Four adults eat while sitting on a tile floor. [SEP] Two couples eat food on a dance floor.
Four adults eat while sitting on a tile floor. [SEP] Two couples play pool in a bar.,Four adults eat while sitting on a tile floor. [SEP] Two cars play pool in a bar.
Four adults eat while sitting on a tile floor. [SEP] A group of people eat food.,Four adults eat while sitting on a tile floor. [SEP] A group of people eat food.
A dog standing near snow looking at water. [SEP] A cat is laying on the couch.,A dog standing near snow looking at water. [SEP] A stranger is laying on the couch.
A dog standing near snow looking at water. [SEP] Animal is outdoors.,A dog standing near snow looking at water. [SEP] Animal is outdoors.
A dog standing near snow looking at water. [SEP] The dog is thinking about going to for a swim.,A dog standing near snow looking at water. [SEP] The dog is thinking about going to for a fight.
An older man leans against a pedestal outside of an ornate building. [SEP] An older man is leaning outside his nursing home,An older man leans against a pedestal outside of an ornate building. [SEP] An older man is attacked outside his nursing home
An older man leans against a pedestal outside of an ornate building. [SEP] A young man is jogging,An older man leans against a pedestal outside of an ornate building. [SEP] A young man is standing
An older man leans against a pedestal outside of an ornate building. [SEP] An older man leans outside a building,An older man leans against a pedestal outside of an ornate building. [SEP] An older man leans outside a building
A person in orange clothing rests above a metro entrance. [SEP] A person is sitting at a baseball game.,A person in orange clothing rests above a metro entrance. [SEP] A person is sitting at a baseball game.
A person in orange clothing rests above a metro entrance. [SEP] Someone is standing near a metro station.,A person in orange clothing rests above a metro entrance. [SEP] Someone is standing near a metro station.
A person in orange clothing rests above a metro entrance. [SEP] A person is waiting for a train.,A person in orange clothing rests above a metro entrance. [SEP] A person is shopping for a train.
A girl in a blue dress takes off her shoes and eats blue cotton candy. [SEP] The girl is eating blue cotton candy at a carnival.,A girl in a blue dress takes off her shoes and eats blue cotton candy. [SEP] The girl is eating blue cotton candy at a carnival.
A girl in a blue dress takes off her shoes and eats blue cotton candy. [SEP] The girl in a blue dress is a flower girl at a wedding.,A girl in a blue dress takes off her shoes and eats blue cotton candy. [SEP] The girl in a blue dress is a flower girl at a wedding.
A girl in a blue dress takes off her shoes and eats blue cotton candy. [SEP] The girl is eating while barefoot.,A girl in a blue dress takes off her shoes and eats blue cotton candy. [SEP] The girl is eating while barefoot.
A black man in a white uniform makes a spectacular reverse slam dunk to the crowd's amazement. [SEP] the man is asian,A black man in a white uniform makes a spectacular reverse slam dunk to the crowd's amazement. [SEP] the man is asian
A black man in a white uniform makes a spectacular reverse slam dunk to the crowd's amazement. [SEP] the man is playing,A black man in a white uniform makes a spectacular reverse slam dunk to the crowd's amazement. [SEP] the man is playing
A black man in a white uniform makes a spectacular reverse slam dunk to the crowd's amazement. [SEP] the man is at home sleeping,A black man in a white uniform makes a spectacular reverse slam dunk to the crowd's amazement. [SEP] the man is at home sleeping
A basketball player with green shoes is dunking the ball in the net while the arena crowd looks on. [SEP] A man is making a sandwich while a crowd gasps in awe.,A basketball player with green shoes is dunking the ball in the net while the arena crowd looks on. [SEP] A man is making a sandwich while a crowd gasps in awe.
A basketball player with green shoes is dunking the ball in the net while the arena crowd looks on. [SEP] A crowd is watching someone play basketball.,A basketball player with green shoes is dunking the ball in the net while the arena crowd looks on. [SEP] A crowd is watching someone play basketball.
A basketball player with green shoes is dunking the ball in the net while the arena crowd looks on. [SEP] A famous NBA player is playing street ball in front of a crowd.,A basketball player with green shoes is dunking the ball in the net while the arena crowd looks on. [SEP] A famous NBA player is dancing street ball in front of a crowd.
A frowning old man in a military cap and a civilian suit stands amongst a crowd of people outdoors carrying signs and balloons. [SEP] A group of people are standing outside.,A frowning old man in a military cap and a civilian suit stands amongst a crowd of people outdoors carrying signs and balloons. [SEP] A group of people are standing outside.
A frowning old man in a military cap and a civilian suit stands amongst a crowd of people outdoors carrying signs and balloons. [SEP] An angry military veteran watches as people protest the war.,A frowning old man in a military cap and a civilian suit stands amongst a crowd of people outdoors carrying signs and balloons. [SEP] An angry military veteran watches as people protest the war.
A frowning old man in a military cap and a civilian suit stands amongst a crowd of people outdoors carrying signs and balloons. [SEP] A man is watching a group of people having a hot dog eating contest.,A frowning old man in a military cap and a civilian suit stands amongst a crowd of people outdoors carrying signs and balloons. [SEP] A man is escorting a group of people having a hot dog eating contest.
A woman wearing bike shorts and a skirt is riding a bike and carrying a shoulder bag. [SEP] A woman on a bike.,A woman wearing bike shorts and a skirt is riding a bike and carrying a shoulder bag. [SEP] A woman on a mission.
A woman wearing bike shorts and a skirt is riding a bike and carrying a shoulder bag. [SEP] A woman riding a bike to work.,A woman wearing bike shorts and a skirt is riding a bike and carrying a shoulder bag. [SEP] A woman riding a bike to work.
A woman wearing bike shorts and a skirt is riding a bike and carrying a shoulder bag. [SEP] A woman driving a car.,A woman wearing bike shorts and a skirt is riding a bike and carrying a shoulder bag. [SEP] A woman driving a car.
A skateboarding youth does a trick on a rail. [SEP] A young person on a skateboard.,A skateboarding youth does a trick on a rail. [SEP] A young person on a skateboard.
A skateboarding youth does a trick on a rail. [SEP] A man painting a tree.,A skateboarding youth does a trick on a rail. [SEP] A man scaling a tree.
A skateboarding youth does a trick on a rail. [SEP] A young boy showing his new skateboard tricks to his friends.,A skateboarding youth does a trick on a rail. [SEP] A young boy showing his new skateboard tricks to his class.
A guy wearing jeans and a hat is crouching on a handrail with a concrete embankment located in front of him. [SEP] He is wearing a button-up shirt.,A guy wearing jeans and a hat is crouching on a handrail with a concrete embankment located in front of him. [SEP] He is wearing a red shirt.
A guy wearing jeans and a hat is crouching on a handrail with a concrete embankment located in front of him. [SEP] His bald head is exposed.,A guy wearing jeans and a hat is crouching on a handrail with a concrete embankment located in front of him. [SEP] His bald head is exposed.
A guy wearing jeans and a hat is crouching on a handrail with a concrete embankment located in front of him. [SEP] A man is crouching on a handrail.,A guy wearing jeans and a hat is crouching on a handrail with a concrete embankment located in front of him. [SEP] A man is crouching on a handrail.
"Girl in a red coat, blue head wrap and jeans is making a snow angel. [SEP] A girl in a red coat makes a snow angel for the first time.","Girl in a red coat, blue head wrap and jeans is making a snow angel. [SEP] A girl in a red coat makes a snow angel for the first time."
"Girl in a red coat, blue head wrap and jeans is making a snow angel. [SEP] Girl in a black coat stays indoors away from the snow.","Girl in a red coat, blue head wrap and jeans is making a snow angel. [SEP] Girl in a black costume stays indoors away from the snow."
"Girl in a red coat, blue head wrap and jeans is making a snow angel. [SEP] A girl outside plays in the snow.","Girl in a red coat, blue head wrap and jeans is making a snow angel. [SEP] A girl outside plays in the snow."
A group of people gathered at night watching an event. [SEP] The group of friends are asleep.,A group of people gathered at night watching an event. [SEP] The group of friends are asleep.
A group of people gathered at night watching an event. [SEP] A group of humans are looking at the same direction.,A group of people gathered at night watching an event. [SEP] A group of wolves are looking at the same direction.
A group of people gathered at night watching an event. [SEP] A group of friends are watching the music concert at night.,A group of people gathered at night watching an event. [SEP] A group of friends are dancing the music concert at night.
The American footballer in yellow catches the ball whilst under pressure from the payer in white. [SEP] The football player is under duress.,The American footballer in yellow catches the ball whilst under pressure from the payer in white. [SEP] The football player is under duress.
The American footballer in yellow catches the ball whilst under pressure from the payer in white. [SEP] The American football player in yellow catches the ball while under pressure from the player in white.,The American footballer in yellow catches the ball whilst under pressure from the payer in white. [SEP] The American football player in first catches the ball while under pressure from the player in white.
The American footballer in yellow catches the ball whilst under pressure from the payer in white. [SEP] The basketball player shoots a three pointer.,The American footballer in yellow catches the ball whilst under pressure from the payer in white. [SEP] The basketball player shoots a three pointer.
"A person with blue hair, a baseball cap, and a hood on stands outdoors in a crowd. [SEP] A person is enjoying a sporting event.","A person with blue hair, a baseball cap, and a hood on stands outdoors in a crowd. [SEP] every person is enjoying a sporting event."
"A person with blue hair, a baseball cap, and a hood on stands outdoors in a crowd. [SEP] A person is dancing and singing.","A person with blue hair, a baseball cap, and a hood on stands outdoors in a crowd. [SEP] A person is saying and singing."
"A person with blue hair, a baseball cap, and a hood on stands outdoors in a crowd. [SEP] A person is standing outdoors.","A person with blue hair, a baseball cap, and a hood on stands outdoors in a crowd. [SEP] A person is standing outdoors."
A girl holding a beverage points at a painting. [SEP] The girl is in the bathtub,A girl holding a beverage points at a painting. [SEP] The girl is in the bathtub
A girl holding a beverage points at a painting. [SEP] The girl is drinking an alcoholic beverage.,A girl holding a beverage points at a painting. [SEP] The girl is drinking an alcoholic poison.
A girl holding a beverage points at a painting. [SEP] The girl has a beverage.,A girl holding a beverage points at a painting. [SEP] The girl has a beverage.
